Наименование,Артикул,Валюта,"Цена, с НДС",В наличии,Доступен для заказа,Краткая информация,Описание,Наклейка,Статус,Теги,Meta Title,Meta Description,URL,Срок изготовления,Доставка,Производитель,Серия,Код товара,Категория товара,Артикул,Бренд,Серия,Цвет корпуса,Старая цена,"Макс. мощность электрическая, Вт",Выбор режима мощности,"Режимы мощности электрической, Вт","Макс. площадь отопления, м²",Тип управления,Тип размещения,Класс IP,Класс защиты от поражения электрическим током,Защита от перегрева,Установка температуры,Дисплей,"Высота, мм","Глубина, мм","Ширина, мм","Вес, кг","Высота упаковки, мм","Глубина упаковки, мм","Ширина упаковки, мм","Вес упаковки, кг",Страна производитель,"Гарантия на изделие, мес",EAN,Базовая единица,Ставки налогов,Штрихкод,"Размеры (ДхШхВ), см",Изображения
THERMEX Pronto 1500M Black,401 004,RUB,2122.5589999999997,0,1,,"<p>Купить name из наличия в ТД УЭТ. Доставка со склада в Екатеринбурге во все города России. Цена на name актуальна. Для заказа и уточнения дополнительных скидок отправьте запрос по e-mail: sale@uralenergotel.ru. Для постоянных клиентов предусмотрены специальные цены.&nbsp;<br><br>С полным ассортиментом вы можете ознакомиться перейдя по ссылке: Thermename. Также вы можете воспользоваться боковым меню справа и выбрать необходимые для вас характеристики, либо подобрать аналогичные товары из наличия у нас на сайте.&nbsp;<br><br>ТД УЭТ является официальным дилером компании «Thermename» в Екатеринбурге. Поставим name напрямую со склада в города России: Москва, Санкт-Петербург, Казань, Самара, Екатеринбург, Челябинск, Уфа, Тюмень, Краснодар, Новосибирск, Пермь, Сургут, Омск, Красноярск, Ростов-на-Дону, Нижний Новгород, Волгоград, Чита, Иркутск и т.д.</p>",,1,,THERMEX Pronto 1500M Black с доставкой на uralenergotel.ru,THERMEX Pronto 1500M Black по низким ценам у официального дилера завода ТД УЭТ,thermex_pronto_1500m_black,уточняйте у менеджера,Доставка со склада в Москве,Thermex,Pronto,Pronto 1500M Black,Конвекторы,401 004,THERMEX,Pronto,белый,4190,1500,да,650/850/1500,20,механическое,Напольное,IPX0,1,да,да,нет,430,130,570,2.7,432,143,625,3.5,Китай,12,4670033310498,шт,20,4670033310498,14.3x62.5x43.2,https://shop.thermex.ru/upload/iblock/a38/tfate2goqzj18upos7eyq6hlkioylvgr.png
THERMEX Pronto 1500M White,401 005,RUB,2122.5589999999997,0,1,,"<p>Купить name из наличия в ТД УЭТ. Доставка со склада в Екатеринбурге во все города России. Цена на name актуальна. Для заказа и уточнения дополнительных скидок отправьте запрос по e-mail: sale@uralenergotel.ru. Для постоянных клиентов предусмотрены специальные цены.&nbsp;<br><br>С полным ассортиментом вы можете ознакомиться перейдя по ссылке: Thermename. Также вы можете воспользоваться боковым меню справа и выбрать необходимые для вас характеристики, либо подобрать аналогичные товары из наличия у нас на сайте.&nbsp;<br><br>ТД УЭТ является официальным дилером компании «Thermename» в Екатеринбурге. Поставим name напрямую со склада в города России: Москва, Санкт-Петербург, Казань, Самара, Екатеринбург, Челябинск, Уфа, Тюмень, Краснодар, Новосибирск, Пермь, Сургут, Омск, Красноярск, Ростов-на-Дону, Нижний Новгород, Волгоград, Чита, Иркутск и т.д.</p>",,1,,THERMEX Pronto 1500M White с доставкой на uralenergotel.ru,THERMEX Pronto 1500M White по низким ценам у официального дилера завода ТД УЭТ,thermex_pronto_1500m_white,уточняйте у менеджера,Доставка со склада в Москве,Thermex,Pronto,Pronto 1500M White,Конвекторы,401 005,THERMEX,Pronto,белый,4090,1500,да,650/850/1500,20,механическое,Напольное,IPX0,1,да,да,,430,130,570,2.7,432,143,625,3.5,Китай,12,4670033310504,шт,20,4670033310504,14.3x62.5x43.2,https://shop.thermex.ru/upload/iblock/b25/f90svtz2wj0quo0ad6katubjivh72g74.png
THERMEX Pronto 2000M Black,401 006,RUB,2211.369,0,1,,"<p>Купить name из наличия в ТД УЭТ. Доставка со склада в Екатеринбурге во все города России. Цена на name актуальна. Для заказа и уточнения дополнительных скидок отправьте запрос по e-mail: sale@uralenergotel.ru. Для постоянных клиентов предусмотрены специальные цены.&nbsp;<br><br>С полным ассортиментом вы можете ознакомиться перейдя по ссылке: Thermename. Также вы можете воспользоваться боковым меню справа и выбрать необходимые для вас характеристики, либо подобрать аналогичные товары из наличия у нас на сайте.&nbsp;<br><br>ТД УЭТ является официальным дилером компании «Thermename» в Екатеринбурге. Поставим name напрямую со склада в города России: Москва, Санкт-Петербург, Казань, Самара, Екатеринбург, Челябинск, Уфа, Тюмень, Краснодар, Новосибирск, Пермь, Сургут, Омск, Красноярск, Ростов-на-Дону, Нижний Новгород, Волгоград, Чита, Иркутск и т.д.</p>",,1,,THERMEX Pronto 2000M Black с доставкой на uralenergotel.ru,THERMEX Pronto 2000M Black по низким ценам у официального дилера завода ТД УЭТ,thermex_pronto_2000m_black,уточняйте у менеджера,Доставка со склада в Москве,Thermex,Pronto,Pronto 2000M Black,Конвекторы,401 006,THERMEX,Pronto,белый,4290,2000,да,750/1250/2000,25,механическое,Напольное,IPX0,1,да,да,,430,130,570,2.7,432,143,625,3.5,Китай,12,4670033310511,шт,20,4670033310511,14.3x62.5x43.2,https://shop.thermex.ru/upload/iblock/a38/tfate2goqzj18upos7eyq6hlkioylvgr.png
THERMEX Pronto 2000M White,401 007,RUB,2211.369,0,1,,"<p>Купить name из наличия в ТД УЭТ. Доставка со склада в Екатеринбурге во все города России. Цена на name актуальна. Для заказа и уточнения дополнительных скидок отправьте запрос по e-mail: sale@uralenergotel.ru. Для постоянных клиентов предусмотрены специальные цены.&nbsp;<br><br>С полным ассортиментом вы можете ознакомиться перейдя по ссылке: Thermename. Также вы можете воспользоваться боковым меню справа и выбрать необходимые для вас характеристики, либо подобрать аналогичные товары из наличия у нас на сайте.&nbsp;<br><br>ТД УЭТ является официальным дилером компании «Thermename» в Екатеринбурге. Поставим name напрямую со склада в города России: Москва, Санкт-Петербург, Казань, Самара, Екатеринбург, Челябинск, Уфа, Тюмень, Краснодар, Новосибирск, Пермь, Сургут, Омск, Красноярск, Ростов-на-Дону, Нижний Новгород, Волгоград, Чита, Иркутск и т.д.</p>",,1,,THERMEX Pronto 2000M White с доставкой на uralenergotel.ru,THERMEX Pronto 2000M White по низким ценам у официального дилера завода ТД УЭТ,thermex_pronto_2000m_white,уточняйте у менеджера,Доставка со склада в Москве,Thermex,Pronto,Pronto 2000M White,Конвекторы,401 007,THERMEX,Pronto,белый,4190,2000,да,750/1250/2000,25,механическое,Напольное,IPX0,1,да,да,,430,130,570,2.7,432,143,625,3.5,Китай,12,4670033310528,шт,20,4670033310528,14.3x62.5x43.2,https://shop.thermex.ru/upload/iblock/b25/f90svtz2wj0quo0ad6katubjivh72g74.png
THERMEX Frame 1000M,401 008,RUB,3188.279,0,1,,"<p>Купить name из наличия в ТД УЭТ. Доставка со склада в Екатеринбурге во все города России. Цена на name актуальна. Для заказа и уточнения дополнительных скидок отправьте запрос по e-mail: sale@uralenergotel.ru. Для постоянных клиентов предусмотрены специальные цены.&nbsp;<br><br>С полным ассортиментом вы можете ознакомиться перейдя по ссылке: Thermename. Также вы можете воспользоваться боковым меню справа и выбрать необходимые для вас характеристики, либо подобрать аналогичные товары из наличия у нас на сайте.&nbsp;<br><br>ТД УЭТ является официальным дилером компании «Thermename» в Екатеринбурге. Поставим name напрямую со склада в города России: Москва, Санкт-Петербург, Казань, Самара, Екатеринбург, Челябинск, Уфа, Тюмень, Краснодар, Новосибирск, Пермь, Сургут, Омск, Красноярск, Ростов-на-Дону, Нижний Новгород, Волгоград, Чита, Иркутск и т.д.</p>",,1,,THERMEX Frame 1000M с доставкой на uralenergotel.ru,THERMEX Frame 1000M по низким ценам у официального дилера завода ТД УЭТ,thermex_frame_1000m,уточняйте у менеджера,Доставка со склада в Москве,Thermex,Frame M,Frame 1000M,Конвекторы,401 008,THERMEX,Frame M,белый,6390,1000,да,500/1000,15,механическое,Напольное/Настенное,IP24,1,да,да,нет,380,90,600,4.1,470,130,645,4.8,Китай,36,4670033310559,шт,20,4670033310559,13x64.5x47,https://shop.thermex.ru/upload/iblock/4c1/pr6t3qam0sqlfrz6djqlid02alzd7c6j.png
THERMEX Frame 1500M,401 009,RUB,3898.759,0,1,,"<p>Купить name из наличия в ТД УЭТ. Доставка со склада в Екатеринбурге во все города России. Цена на name актуальна. Для заказа и уточнения дополнительных скидок отправьте запрос по e-mail: sale@uralenergotel.ru. Для постоянных клиентов предусмотрены специальные цены.&nbsp;<br><br>С полным ассортиментом вы можете ознакомиться перейдя по ссылке: Thermename. Также вы можете воспользоваться боковым меню справа и выбрать необходимые для вас характеристики, либо подобрать аналогичные товары из наличия у нас на сайте.&nbsp;<br><br>ТД УЭТ является официальным дилером компании «Thermename» в Екатеринбурге. Поставим name напрямую со склада в города России: Москва, Санкт-Петербург, Казань, Самара, Екатеринбург, Челябинск, Уфа, Тюмень, Краснодар, Новосибирск, Пермь, Сургут, Омск, Красноярск, Ростов-на-Дону, Нижний Новгород, Волгоград, Чита, Иркутск и т.д.</p>",,1,,THERMEX Frame 1500M с доставкой на uralenergotel.ru,THERMEX Frame 1500M по низким ценам у официального дилера завода ТД УЭТ,thermex_frame_1500m,уточняйте у менеджера,Доставка со склада в Москве,Thermex,Frame M,Frame 1500M,Конвекторы,401 009,THERMEX,Frame M,белый,7490,1500,да,750/1500,20,механическое,Напольное/Настенное,IP24,1,да,да,,380,90,760,4.8,470,130,805,5.7,Китай,36,4670033310566,шт,20,4670033310566,13x80.5x47,https://shop.thermex.ru/upload/iblock/c9f/ncofqumrf0bf463c37uc79d9ff710i94.png
THERMEX Frame 2000M,401 010,RUB,4165.189,0,1,,"<p>Купить name из наличия в ТД УЭТ. Доставка со склада в Екатеринбурге во все города России. Цена на name актуальна. Для заказа и уточнения дополнительных скидок отправьте запрос по e-mail: sale@uralenergotel.ru. Для постоянных клиентов предусмотрены специальные цены.&nbsp;<br><br>С полным ассортиментом вы можете ознакомиться перейдя по ссылке: Thermename. Также вы можете воспользоваться боковым меню справа и выбрать необходимые для вас характеристики, либо подобрать аналогичные товары из наличия у нас на сайте.&nbsp;<br><br>ТД УЭТ является официальным дилером компании «Thermename» в Екатеринбурге. Поставим name напрямую со склада в города России: Москва, Санкт-Петербург, Казань, Самара, Екатеринбург, Челябинск, Уфа, Тюмень, Краснодар, Новосибирск, Пермь, Сургут, Омск, Красноярск, Ростов-на-Дону, Нижний Новгород, Волгоград, Чита, Иркутск и т.д.</p>",,1,,THERMEX Frame 2000M с доставкой на uralenergotel.ru,THERMEX Frame 2000M по низким ценам у официального дилера завода ТД УЭТ,thermex_frame_2000m,уточняйте у менеджера,Доставка со склада в Москве,Thermex,Frame M,Frame 2000M,Конвекторы,401 010,THERMEX,Frame M,белый,8490,2000,да,1000/2000,25,механическое,Напольное/Настенное,IP24,1,да,да,,380,90,920,5.6,470,130,965,6.7,Китай,36,4670033310573,шт,20,4670033310573,13x96.5x47,https://shop.thermex.ru/upload/iblock/757/uhmxpg0hdg1txq2ovo9b3qw7a28ddhmz.png
THERMEX Frame 1000E,401 011,RUB,4431.619,0,1,,"<p>Купить name из наличия в ТД УЭТ. Доставка со склада в Екатеринбурге во все города России. Цена на name актуальна. Для заказа и уточнения дополнительных скидок отправьте запрос по e-mail: sale@uralenergotel.ru. Для постоянных клиентов предусмотрены специальные цены.&nbsp;<br><br>С полным ассортиментом вы можете ознакомиться перейдя по ссылке: Thermename. Также вы можете воспользоваться боковым меню справа и выбрать необходимые для вас характеристики, либо подобрать аналогичные товары из наличия у нас на сайте.&nbsp;<br><br>ТД УЭТ является официальным дилером компании «Thermename» в Екатеринбурге. Поставим name напрямую со склада в города России: Москва, Санкт-Петербург, Казань, Самара, Екатеринбург, Челябинск, Уфа, Тюмень, Краснодар, Новосибирск, Пермь, Сургут, Омск, Красноярск, Ростов-на-Дону, Нижний Новгород, Волгоград, Чита, Иркутск и т.д.</p>",,1,,THERMEX Frame 1000E с доставкой на uralenergotel.ru,THERMEX Frame 1000E по низким ценам у официального дилера завода ТД УЭТ,thermex_frame_1000e,уточняйте у менеджера,Доставка со склада в Москве,Thermex,Frame E,Frame 1000E,Конвекторы,401 011,THERMEX,Frame E,белый,8290,1000,да,500/1000,15,электронное,Напольное/Настенное,IP24,1,да,да,да,380,90,600,4.1,470,130,645,4.8,Китай,36,4670033310580,шт,20,4670033310580,13x64.5x47,https://shop.thermex.ru/upload/iblock/bb5/17uqeovwy325rfhs5lzrooi2dqd86fvu.png
THERMEX Frame 1500E,401 012,RUB,5053.289,0,1,,"<p>Купить name из наличия в ТД УЭТ. Доставка со склада в Екатеринбурге во все города России. Цена на name актуальна. Для заказа и уточнения дополнительных скидок отправьте запрос по e-mail: sale@uralenergotel.ru. Для постоянных клиентов предусмотрены специальные цены.&nbsp;<br><br>С полным ассортиментом вы можете ознакомиться перейдя по ссылке: Thermename. Также вы можете воспользоваться боковым меню справа и выбрать необходимые для вас характеристики, либо подобрать аналогичные товары из наличия у нас на сайте.&nbsp;<br><br>ТД УЭТ является официальным дилером компании «Thermename» в Екатеринбурге. Поставим name напрямую со склада в города России: Москва, Санкт-Петербург, Казань, Самара, Екатеринбург, Челябинск, Уфа, Тюмень, Краснодар, Новосибирск, Пермь, Сургут, Омск, Красноярск, Ростов-на-Дону, Нижний Новгород, Волгоград, Чита, Иркутск и т.д.</p>",,1,,THERMEX Frame 1500E с доставкой на uralenergotel.ru,THERMEX Frame 1500E по низким ценам у официального дилера завода ТД УЭТ,thermex_frame_1500e,уточняйте у менеджера,Доставка со склада в Москве,Thermex,Frame E,Frame 1500E,Конвекторы,401 012,THERMEX,Frame E,белый,7590,1500,да,750/1500,20,электронное,Напольное/Настенное,IP24,1,да,да,да,380,90,760,4.8,470,130,805,5.7,Китай,36,4670033310597,шт,20,4670033310597,13x80.5x47,https://shop.thermex.ru/upload/iblock/bfc/j9vbmoim32qyfhavpjas904hw0fklf2i.png
THERMEX Frame 2000E,401 013,RUB,5763.769,0,1,,"<p>Купить name из наличия в ТД УЭТ. Доставка со склада в Екатеринбурге во все города России. Цена на name актуальна. Для заказа и уточнения дополнительных скидок отправьте запрос по e-mail: sale@uralenergotel.ru. Для постоянных клиентов предусмотрены специальные цены.&nbsp;<br><br>С полным ассортиментом вы можете ознакомиться перейдя по ссылке: Thermename. Также вы можете воспользоваться боковым меню справа и выбрать необходимые для вас характеристики, либо подобрать аналогичные товары из наличия у нас на сайте.&nbsp;<br><br>ТД УЭТ является официальным дилером компании «Thermename» в Екатеринбурге. Поставим name напрямую со склада в города России: Москва, Санкт-Петербург, Казань, Самара, Екатеринбург, Челябинск, Уфа, Тюмень, Краснодар, Новосибирск, Пермь, Сургут, Омск, Красноярск, Ростов-на-Дону, Нижний Новгород, Волгоград, Чита, Иркутск и т.д.</p>",,1,,THERMEX Frame 2000E с доставкой на uralenergotel.ru,THERMEX Frame 2000E по низким ценам у официального дилера завода ТД УЭТ,thermex_frame_2000e,уточняйте у менеджера,Доставка со склада в Москве,Thermex,Frame E,Frame 2000E,Конвекторы,401 013,THERMEX,Frame E,белый,10290,2000,да,1000/2000,25,электронное,Напольное/Настенное,IP24,1,да,да,да,380,90,920,5.6,470,130,965,6.7,Китай,36,4670033310603,шт,20,4670033310603,13x96.5x47,https://shop.thermex.ru/upload/iblock/0f3/dylii6uc70fhglcci3ackpz5q1ry6m1y.png
THERMEX Lummi 1200E,401 014,RUB,5408.529,0,1,,"<p>Купить name из наличия в ТД УЭТ. Доставка со склада в Екатеринбурге во все города России. Цена на name актуальна. Для заказа и уточнения дополнительных скидок отправьте запрос по e-mail: sale@uralenergotel.ru. Для постоянных клиентов предусмотрены специальные цены.&nbsp;<br><br>С полным ассортиментом вы можете ознакомиться перейдя по ссылке: Thermename. Также вы можете воспользоваться боковым меню справа и выбрать необходимые для вас характеристики, либо подобрать аналогичные товары из наличия у нас на сайте.&nbsp;<br><br>ТД УЭТ является официальным дилером компании «Thermename» в Екатеринбурге. Поставим name напрямую со склада в города России: Москва, Санкт-Петербург, Казань, Самара, Екатеринбург, Челябинск, Уфа, Тюмень, Краснодар, Новосибирск, Пермь, Сургут, Омск, Красноярск, Ростов-на-Дону, Нижний Новгород, Волгоград, Чита, Иркутск и т.д.</p>",,1,,THERMEX Lummi 1200E с доставкой на uralenergotel.ru,THERMEX Lummi 1200E по низким ценам у официального дилера завода ТД УЭТ,thermex_lummi_1200e,уточняйте у менеджера,Доставка со склада в Москве,Thermex,Lummi,Lummi 1200E,Конвекторы,401 014,THERMEX,Lummi,белый,7190,1200,,1200,17,электронное,Напольное/Настенное,IP24,1,да,да,да,580,54,690,6,620,104,810,7,Китай,36,4670033310610,шт,20,4670033310610,10.4x81x62,https://shop.thermex.ru/upload/iblock/3ae/qly879uckmk5eo8bz1vhbgn8x5cquk3m.png
THERMEX Lummi 1500E,401 015,RUB,7184.729,0,1,,"<p>Купить name из наличия в ТД УЭТ. Доставка со склада в Екатеринбурге во все города России. Цена на name актуальна. Для заказа и уточнения дополнительных скидок отправьте запрос по e-mail: sale@uralenergotel.ru. Для постоянных клиентов предусмотрены специальные цены.&nbsp;<br><br>С полным ассортиментом вы можете ознакомиться перейдя по ссылке: Thermename. Также вы можете воспользоваться боковым меню справа и выбрать необходимые для вас характеристики, либо подобрать аналогичные товары из наличия у нас на сайте.&nbsp;<br><br>ТД УЭТ является официальным дилером компании «Thermename» в Екатеринбурге. Поставим name напрямую со склада в города России: Москва, Санкт-Петербург, Казань, Самара, Екатеринбург, Челябинск, Уфа, Тюмень, Краснодар, Новосибирск, Пермь, Сургут, Омск, Красноярск, Ростов-на-Дону, Нижний Новгород, Волгоград, Чита, Иркутск и т.д.</p>",,1,,THERMEX Lummi 1500E с доставкой на uralenergotel.ru,THERMEX Lummi 1500E по низким ценам у официального дилера завода ТД УЭТ,thermex_lummi_1500e,уточняйте у менеджера,Доставка со склада в Москве,Thermex,Lummi,Lummi 1500E,Конвекторы,401 015,THERMEX,Lummi,,8290,1500,,1500,20,электронное,Напольное/Настенное,IP24,1,да,да,да,580,54,830,7,620,105,950,8,Китай,36,4670033310627,шт,20,4670033310627,10.5x95x62,https://shop.thermex.ru/upload/iblock/1d2/ogcw2nn646aaq4vbvt13y1uf10spe22j.png
THERMEX Lummi 1800E,401 016,RUB,7095.919,0,1,,"<p>Купить name из наличия в ТД УЭТ. Доставка со склада в Екатеринбурге во все города России. Цена на name актуальна. Для заказа и уточнения дополнительных скидок отправьте запрос по e-mail: sale@uralenergotel.ru. Для постоянных клиентов предусмотрены специальные цены.&nbsp;<br><br>С полным ассортиментом вы можете ознакомиться перейдя по ссылке: Thermename. Также вы можете воспользоваться боковым меню справа и выбрать необходимые для вас характеристики, либо подобрать аналогичные товары из наличия у нас на сайте.&nbsp;<br><br>ТД УЭТ является официальным дилером компании «Thermename» в Екатеринбурге. Поставим name напрямую со склада в города России: Москва, Санкт-Петербург, Казань, Самара, Екатеринбург, Челябинск, Уфа, Тюмень, Краснодар, Новосибирск, Пермь, Сургут, Омск, Красноярск, Ростов-на-Дону, Нижний Новгород, Волгоград, Чита, Иркутск и т.д.</p>",,1,,THERMEX Lummi 1800E с доставкой на uralenergotel.ru,THERMEX Lummi 1800E по низким ценам у официального дилера завода ТД УЭТ,thermex_lummi_1800e,уточняйте у менеджера,Доставка со склада в Москве,Thermex,Lummi,Lummi 1800E,Конвекторы,401 016,THERMEX,Lummi,белый,9290,1800,,1800,23,электронное,Напольное/Настенное,IP24,1,да,да,да,580,54,870,8,620,105,1090,9,Китай,36,4670033310634,шт,20,4670033310634,10.5x109x62,https://shop.thermex.ru/upload/iblock/8ab/h8wxacii5sopvgnuqxsu6fykrw3jlgo8.png
EDISSON Polo 1500M,403 004,RUB,1678.509,0,1,,"<p>Купить name из наличия в ТД УЭТ. Доставка со склада в Екатеринбурге во все города России. Цена на name актуальна. Для заказа и уточнения дополнительных скидок отправьте запрос по e-mail: sale@uralenergotel.ru. Для постоянных клиентов предусмотрены специальные цены.&nbsp;<br><br>С полным ассортиментом вы можете ознакомиться перейдя по ссылке: Thermename. Также вы можете воспользоваться боковым меню справа и выбрать необходимые для вас характеристики, либо подобрать аналогичные товары из наличия у нас на сайте.&nbsp;<br><br>ТД УЭТ является официальным дилером компании «Thermename» в Екатеринбурге. Поставим name напрямую со склада в города России: Москва, Санкт-Петербург, Казань, Самара, Екатеринбург, Челябинск, Уфа, Тюмень, Краснодар, Новосибирск, Пермь, Сургут, Омск, Красноярск, Ростов-на-Дону, Нижний Новгород, Волгоград, Чита, Иркутск и т.д.</p>",,1,,EDISSON Polo 1500M с доставкой на uralenergotel.ru,EDISSON Polo 1500M по низким ценам у официального дилера завода ТД УЭТ,edisson_polo_1500m,уточняйте у менеджера,Доставка со склада в Москве,Thermex,Polo,EDISSON Polo 1500M,Конвекторы,403 004,EDISSON,Polo,белый,2290,1500,да,600/900/1500,20,механическое,Напольное/Настенное,IPX0,1,да,да,,325,170,510,1.4,355,125,535,2.1,Китай,12,4670033310535,шт,20,4670033310535,12.5x53.5x35.5,https://shop.thermex.ru/upload/iblock/307/6sx97dbpixu6868414pr2d02s10i03ib.png
EDISSON Polo 2000M,403 005,RUB,1856.129,0,1,,"<p>Купить name из наличия в ТД УЭТ. Доставка со склада в Екатеринбурге во все города России. Цена на name актуальна. Для заказа и уточнения дополнительных скидок отправьте запрос по e-mail: sale@uralenergotel.ru. Для постоянных клиентов предусмотрены специальные цены.&nbsp;<br><br>С полным ассортиментом вы можете ознакомиться перейдя по ссылке: Thermename. Также вы можете воспользоваться боковым меню справа и выбрать необходимые для вас характеристики, либо подобрать аналогичные товары из наличия у нас на сайте.&nbsp;<br><br>ТД УЭТ является официальным дилером компании «Thermename» в Екатеринбурге. Поставим name напрямую со склада в города России: Москва, Санкт-Петербург, Казань, Самара, Екатеринбург, Челябинск, Уфа, Тюмень, Краснодар, Новосибирск, Пермь, Сургут, Омск, Красноярск, Ростов-на-Дону, Нижний Новгород, Волгоград, Чита, Иркутск и т.д.</p>",,1,,EDISSON Polo 2000M с доставкой на uralenergotel.ru,EDISSON Polo 2000M по низким ценам у официального дилера завода ТД УЭТ,edisson_polo_2000m,уточняйте у менеджера,Доставка со склада в Москве,Thermex,Polo,EDISSON Polo 2000M,Конвекторы,403 005,EDISSON,Polo,белый,2490,2000,да,750/1250/2000,25,механическое,Напольное/Настенное,IPX0,1,да,да,,385,220,520,2,395,133,575,2.8,Китай,12,4670033310542,шт,20,4670033310542,13.3x57.5x39.5,https://shop.thermex.ru/upload/iblock/430/h80r1mm9h5kzhd1zx5nvxerso2n9fdr6.png
THERMEX Frame 1000E Wi-Fi,401 017,RUB,5674.959,0,1,,"<p>Купить name из наличия в ТД УЭТ. Доставка со склада в Екатеринбурге во все города России. Цена на name актуальна. Для заказа и уточнения дополнительных скидок отправьте запрос по e-mail: sale@uralenergotel.ru. Для постоянных клиентов предусмотрены специальные цены.&nbsp;<br><br>С полным ассортиментом вы можете ознакомиться перейдя по ссылке: Thermename. Также вы можете воспользоваться боковым меню справа и выбрать необходимые для вас характеристики, либо подобрать аналогичные товары из наличия у нас на сайте.&nbsp;<br><br>ТД УЭТ является официальным дилером компании «Thermename» в Екатеринбурге. Поставим name напрямую со склада в города России: Москва, Санкт-Петербург, Казань, Самара, Екатеринбург, Челябинск, Уфа, Тюмень, Краснодар, Новосибирск, Пермь, Сургут, Омск, Красноярск, Ростов-на-Дону, Нижний Новгород, Волгоград, Чита, Иркутск и т.д.</p>",,1,,THERMEX Frame 1000E Wi-Fi с доставкой на uralenergotel.ru,THERMEX Frame 1000E Wi-Fi по низким ценам у официального дилера завода ТД УЭТ,thermex_frame_1000e_wi-fi,уточняйте у менеджера,Доставка со склада в Москве,Thermex,Frame E Wi-Fi,Frame 1000E Wi-Fi,Конвекторы,401 017,THERMEX,Frame E Wi-Fi,белый,9590,1000,да,500/1000,15,электронное,Напольное/Настенное,IP24,1,да,да,да,380,90,600,4.1,470,130,645,4.8,Китай,36,4670033311907,шт,20,4670033311907,13x64.5x47,https://shop.thermex.ru/upload/iblock/0e5/041qggf4in26pl92u99kmg5q5eruwn9a.png
THERMEX Frame 1500E Wi-Fi,401 018,RUB,6119.009,0,1,,"<p>Купить name из наличия в ТД УЭТ. Доставка со склада в Екатеринбурге во все города России. Цена на name актуальна. Для заказа и уточнения дополнительных скидок отправьте запрос по e-mail: sale@uralenergotel.ru. Для постоянных клиентов предусмотрены специальные цены.&nbsp;<br><br>С полным ассортиментом вы можете ознакомиться перейдя по ссылке: Thermename. Также вы можете воспользоваться боковым меню справа и выбрать необходимые для вас характеристики, либо подобрать аналогичные товары из наличия у нас на сайте.&nbsp;<br><br>ТД УЭТ является официальным дилером компании «Thermename» в Екатеринбурге. Поставим name напрямую со склада в города России: Москва, Санкт-Петербург, Казань, Самара, Екатеринбург, Челябинск, Уфа, Тюмень, Краснодар, Новосибирск, Пермь, Сургут, Омск, Красноярск, Ростов-на-Дону, Нижний Новгород, Волгоград, Чита, Иркутск и т.д.</p>",,1,,THERMEX Frame 1500E Wi-Fi с доставкой на uralenergotel.ru,THERMEX Frame 1500E Wi-Fi по низким ценам у официального дилера завода ТД УЭТ,thermex_frame_1500e_wi-fi,уточняйте у менеджера,Доставка со склада в Москве,Thermex,Frame E Wi-Fi,Frame 1500E Wi-Fi,Конвекторы,401 018,THERMEX,Frame E Wi-Fi,белый,10490,1500,да,750/1500,20,электронное,Напольное/Настенное,IP24,1,да,да,да,380,90,760,4.8,470,130,805,5.7,Китай,36,4670033311914,шт,20,4670033311914,13x80.5x47,https://shop.thermex.ru/upload/iblock/5e4/fum9e32key0rh2k8b0d3xdrba7lpdtu5.png
THERMEX Frame 2000E Wi-Fi,401 019,RUB,6651.869000000001,0,1,,"<p>Купить name из наличия в ТД УЭТ. Доставка со склада в Екатеринбурге во все города России. Цена на name актуальна. Для заказа и уточнения дополнительных скидок отправьте запрос по e-mail: sale@uralenergotel.ru. Для постоянных клиентов предусмотрены специальные цены.&nbsp;<br><br>С полным ассортиментом вы можете ознакомиться перейдя по ссылке: Thermename. Также вы можете воспользоваться боковым меню справа и выбрать необходимые для вас характеристики, либо подобрать аналогичные товары из наличия у нас на сайте.&nbsp;<br><br>ТД УЭТ является официальным дилером компании «Thermename» в Екатеринбурге. Поставим name напрямую со склада в города России: Москва, Санкт-Петербург, Казань, Самара, Екатеринбург, Челябинск, Уфа, Тюмень, Краснодар, Новосибирск, Пермь, Сургут, Омск, Красноярск, Ростов-на-Дону, Нижний Новгород, Волгоград, Чита, Иркутск и т.д.</p>",,1,,THERMEX Frame 2000E Wi-Fi с доставкой на uralenergotel.ru,THERMEX Frame 2000E Wi-Fi по низким ценам у официального дилера завода ТД УЭТ,thermex_frame_2000e_wi-fi,уточняйте у менеджера,Доставка со склада в Москве,Thermex,Frame E Wi-Fi,Frame 2000E Wi-Fi,Конвекторы,401 019,THERMEX,Frame E Wi-Fi,белый,11490,2000,да,1000/2000,25,электронное,Напольное/Настенное,IP24,1,да,да,да,380,90,920,5.6,470,130,965,6.7,Китай,36,4670033311921,шт,20,4670033311921,13x96.5x47,https://shop.thermex.ru/upload/iblock/43f/dvc5vaxcvm9978q6gqdt5vq9onzaeq1k.png
EDISSON S10UB,,RUB,1352.5763,0,1,,"<p>Купить name из наличия в ТД УЭТ. Доставка со склада в Екатеринбурге во все города России. Цена на name актуальна. Для заказа и уточнения дополнительных скидок отправьте запрос по e-mail: sale@uralenergotel.ru. Для постоянных клиентов предусмотрены специальные цены.&nbsp;<br><br>С полным ассортиментом вы можете ознакомиться перейдя по ссылке: Thermename. Также вы можете воспользоваться боковым меню справа и выбрать необходимые для вас характеристики, либо подобрать аналогичные товары из наличия у нас на сайте.&nbsp;<br><br>ТД УЭТ является официальным дилером компании «Thermename» в Екатеринбурге. Поставим name напрямую со склада в города России: Москва, Санкт-Петербург, Казань, Самара, Екатеринбург, Челябинск, Уфа, Тюмень, Краснодар, Новосибирск, Пермь, Сургут, Омск, Красноярск, Ростов-на-Дону, Нижний Новгород, Волгоград, Чита, Иркутск и т.д.</p>",,1,,EDISSON S10UB с доставкой на uralenergotel.ru,EDISSON S10UB по низким ценам у официального дилера завода ТД УЭТ,edisson_s10ub,уточняйте у менеджера,Доставка со склада в Москве,Thermex,Temp,EDISSON S10UB,Конвекторы,,EDISSON,Temp,,,,,,,,,,,,,,,,,,,,,,,,4607084195897,шт,20,4607084195897,30x20x20,https://shop.thermex.ru/upload/iblock/20f/xb2j22bfzfvxhb9ksxm8oojcljmm7hfd.png
HEATEQ H2000HE,,RUB,3188.279,0,1,,"<p>Купить name из наличия в ТД УЭТ. Доставка со склада в Екатеринбурге во все города России. Цена на name актуальна. Для заказа и уточнения дополнительных скидок отправьте запрос по e-mail: sale@uralenergotel.ru. Для постоянных клиентов предусмотрены специальные цены.&nbsp;<br><br>С полным ассортиментом вы можете ознакомиться перейдя по ссылке: Thermename. Также вы можете воспользоваться боковым меню справа и выбрать необходимые для вас характеристики, либо подобрать аналогичные товары из наличия у нас на сайте.&nbsp;<br><br>ТД УЭТ является официальным дилером компании «Thermename» в Екатеринбурге. Поставим name напрямую со склада в города России: Москва, Санкт-Петербург, Казань, Самара, Екатеринбург, Челябинск, Уфа, Тюмень, Краснодар, Новосибирск, Пермь, Сургут, Омск, Красноярск, Ростов-на-Дону, Нижний Новгород, Волгоград, Чита, Иркутск и т.д.</p>",,1,,HEATEQ H2000HE с доставкой на uralenergotel.ru,HEATEQ H2000HE по низким ценам у официального дилера завода ТД УЭТ,heateq_h2000he,уточняйте у менеджера,Доставка со склада в Москве,Thermex,Heat Electronic,HEATEQ H2000HE,,,HEATEQ,Heat Electronic,,3670,,,,,,,,,,,,,,,,,,,,,,4670007711733,шт,20,4670007711733,30x20x20,https://shop.thermex.ru/upload/iblock/246/na45ztxbxfel2o9u2hpngbqusffs3m1q.png
GARANTERM G 05UP,,RUB,1500.8890000000001,0,1,,"<p>Купить name из наличия в ТД УЭТ. Доставка со склада в Екатеринбурге во все города России. Цена на name актуальна. Для заказа и уточнения дополнительных скидок отправьте запрос по e-mail: sale@uralenergotel.ru. Для постоянных клиентов предусмотрены специальные цены.&nbsp;<br><br>С полным ассортиментом вы можете ознакомиться перейдя по ссылке: Thermename. Также вы можете воспользоваться боковым меню справа и выбрать необходимые для вас характеристики, либо подобрать аналогичные товары из наличия у нас на сайте.&nbsp;<br><br>ТД УЭТ является официальным дилером компании «Thermename» в Екатеринбурге. Поставим name напрямую со склада в города России: Москва, Санкт-Петербург, Казань, Самара, Екатеринбург, Челябинск, Уфа, Тюмень, Краснодар, Новосибирск, Пермь, Сургут, Омск, Красноярск, Ростов-на-Дону, Нижний Новгород, Волгоград, Чита, Иркутск и т.д.</p>",,1,,GARANTERM G 05UP с доставкой на uralenergotel.ru,GARANTERM G 05UP по низким ценам у официального дилера завода ТД УЭТ,garanterm_g_05up,уточняйте у менеджера,Доставка со склада в Москве,Thermex,Plazma,GARANTERM G 05UP,,,GARANTERM,Plazma,,,,,,,,,,,,,,,,,,,,,,,,4607166960733,шт,20,4607166960733,30x20x20,https://shop.thermex.ru/upload/iblock/b9b/8s4m1mu1a7iu1oelg27atgc8beoq02w7.png
GARANTERM G 10UP,,RUB,2566.609,0,1,,"<p>Купить name из наличия в ТД УЭТ. Доставка со склада в Екатеринбурге во все города России. Цена на name актуальна. Для заказа и уточнения дополнительных скидок отправьте запрос по e-mail: sale@uralenergotel.ru. Для постоянных клиентов предусмотрены специальные цены.&nbsp;<br><br>С полным ассортиментом вы можете ознакомиться перейдя по ссылке: Thermename. Также вы можете воспользоваться боковым меню справа и выбрать необходимые для вас характеристики, либо подобрать аналогичные товары из наличия у нас на сайте.&nbsp;<br><br>ТД УЭТ является официальным дилером компании «Thermename» в Екатеринбурге. Поставим name напрямую со склада в города России: Москва, Санкт-Петербург, Казань, Самара, Екатеринбург, Челябинск, Уфа, Тюмень, Краснодар, Новосибирск, Пермь, Сургут, Омск, Красноярск, Ростов-на-Дону, Нижний Новгород, Волгоград, Чита, Иркутск и т.д.</p>",,1,,GARANTERM G 10UP с доставкой на uralenergotel.ru,GARANTERM G 10UP по низким ценам у официального дилера завода ТД УЭТ,garanterm_g_10up,уточняйте у менеджера,Доставка со склада в Москве,Thermex,Plazma,GARANTERM G 10UP,,,GARANTERM,Plazma,,,,,,,,,,,,,,,,,,,,,,,,4607166960740,шт,20,4607166960740,30x20x20,https://shop.thermex.ru/upload/iblock/a5c/gyxatt4tr1zde2ho9humbculmwwtwplb.png
THERMEX Tor 1000M,401 023,RUB,2566.609,0,1,,"<p>Купить name из наличия в ТД УЭТ. Доставка со склада в Екатеринбурге во все города России. Цена на name актуальна. Для заказа и уточнения дополнительных скидок отправьте запрос по e-mail: sale@uralenergotel.ru. Для постоянных клиентов предусмотрены специальные цены.&nbsp;<br><br>С полным ассортиментом вы можете ознакомиться перейдя по ссылке: Thermename. Также вы можете воспользоваться боковым меню справа и выбрать необходимые для вас характеристики, либо подобрать аналогичные товары из наличия у нас на сайте.&nbsp;<br><br>ТД УЭТ является официальным дилером компании «Thermename» в Екатеринбурге. Поставим name напрямую со склада в города России: Москва, Санкт-Петербург, Казань, Самара, Екатеринбург, Челябинск, Уфа, Тюмень, Краснодар, Новосибирск, Пермь, Сургут, Омск, Красноярск, Ростов-на-Дону, Нижний Новгород, Волгоград, Чита, Иркутск и т.д.</p>",,1,,THERMEX Tor 1000M с доставкой на uralenergotel.ru,THERMEX Tor 1000M по низким ценам у официального дилера завода ТД УЭТ,thermex_tor_1000m,уточняйте у менеджера,Доставка со склада в Москве,Thermex,TOR,Tor 1000M,,401 023,THERMEX,TOR,белый,5490,1000,да,400/600/1000,15,механическое,Напольное/Настенное,IP24,1,да,,,400,92,440,3.5,450,145,495,4.2,Китай,36,4670033313284,шт,20,4670033313284,14.5x49.5x45,https://shop.thermex.ru/upload/iblock/4e2/hrfy65mt86a66kswnmnaek5rpb83afl4.png
THERMEX Tor 1500M,401 024,RUB,3987.569,0,1,,"<p>Купить name из наличия в ТД УЭТ. Доставка со склада в Екатеринбурге во все города России. Цена на name актуальна. Для заказа и уточнения дополнительных скидок отправьте запрос по e-mail: sale@uralenergotel.ru. Для постоянных клиентов предусмотрены специальные цены.&nbsp;<br><br>С полным ассортиментом вы можете ознакомиться перейдя по ссылке: Thermename. Также вы можете воспользоваться боковым меню справа и выбрать необходимые для вас характеристики, либо подобрать аналогичные товары из наличия у нас на сайте.&nbsp;<br><br>ТД УЭТ является официальным дилером компании «Thermename» в Екатеринбурге. Поставим name напрямую со склада в города России: Москва, Санкт-Петербург, Казань, Самара, Екатеринбург, Челябинск, Уфа, Тюмень, Краснодар, Новосибирск, Пермь, Сургут, Омск, Красноярск, Ростов-на-Дону, Нижний Новгород, Волгоград, Чита, Иркутск и т.д.</p>",,1,,THERMEX Tor 1500M с доставкой на uralenergotel.ru,THERMEX Tor 1500M по низким ценам у официального дилера завода ТД УЭТ,thermex_tor_1500m,уточняйте у менеджера,Доставка со склада в Москве,Thermex,TOR,Tor 1500M,,401 024,THERMEX,TOR,белый,6590,1500,да,600/900/1500,20,механическое,Напольное/Настенное,IP24,1,да,,,400,92,610,4.8,450,145,665,5.8,Китай,36,4670033313291,шт,20,4670033313291,14.5x66.5x45,https://shop.thermex.ru/upload/iblock/b97/mx1lelfxegw7no9or6y0akyoczyftmam.png
THERMEX Tor 2000M,401 025,RUB,3898.759,0,1,,"<p>Купить name из наличия в ТД УЭТ. Доставка со склада в Екатеринбурге во все города России. Цена на name актуальна. Для заказа и уточнения дополнительных скидок отправьте запрос по e-mail: sale@uralenergotel.ru. Для постоянных клиентов предусмотрены специальные цены.&nbsp;<br><br>С полным ассортиментом вы можете ознакомиться перейдя по ссылке: Thermename. Также вы можете воспользоваться боковым меню справа и выбрать необходимые для вас характеристики, либо подобрать аналогичные товары из наличия у нас на сайте.&nbsp;<br><br>ТД УЭТ является официальным дилером компании «Thermename» в Екатеринбурге. Поставим name напрямую со склада в города России: Москва, Санкт-Петербург, Казань, Самара, Екатеринбург, Челябинск, Уфа, Тюмень, Краснодар, Новосибирск, Пермь, Сургут, Омск, Красноярск, Ростов-на-Дону, Нижний Новгород, Волгоград, Чита, Иркутск и т.д.</p>",,1,,THERMEX Tor 2000M с доставкой на uralenergotel.ru,THERMEX Tor 2000M по низким ценам у официального дилера завода ТД УЭТ,thermex_tor_2000m,уточняйте у менеджера,Доставка со склада в Москве,Thermex,TOR,Tor 2000M,,401 025,THERMEX,TOR,белый,7790,2000,да,800/1200/2000,25,механическое,Напольное/Настенное,IP24,1,да,,,400,92,760,5.7,450,145,815,6.8,Китай,36,4670033313307,шт,20,4670033313307,14.5x81.5x45,https://shop.thermex.ru/upload/iblock/1bf/u2skjfmbf7khyhkel1kthjr2d1tx1vkg.png
THERMEX Cosmo 1000E,401 020,RUB,3809.949,0,1,,"<p>Купить name из наличия в ТД УЭТ. Доставка со склада в Екатеринбурге во все города России. Цена на name актуальна. Для заказа и уточнения дополнительных скидок отправьте запрос по e-mail: sale@uralenergotel.ru. Для постоянных клиентов предусмотрены специальные цены.&nbsp;<br><br>С полным ассортиментом вы можете ознакомиться перейдя по ссылке: Thermename. Также вы можете воспользоваться боковым меню справа и выбрать необходимые для вас характеристики, либо подобрать аналогичные товары из наличия у нас на сайте.&nbsp;<br><br>ТД УЭТ является официальным дилером компании «Thermename» в Екатеринбурге. Поставим name напрямую со склада в города России: Москва, Санкт-Петербург, Казань, Самара, Екатеринбург, Челябинск, Уфа, Тюмень, Краснодар, Новосибирск, Пермь, Сургут, Омск, Красноярск, Ростов-на-Дону, Нижний Новгород, Волгоград, Чита, Иркутск и т.д.</p>",,1,,THERMEX Cosmo 1000E с доставкой на uralenergotel.ru,THERMEX Cosmo 1000E по низким ценам у официального дилера завода ТД УЭТ,thermex_cosmo_1000e,уточняйте у менеджера,Доставка со склада в Москве,Thermex,Cosmo E,Cosmo 1000E,Конвекторы,401 020,THERMEX,Cosmo E,белый,4890,1000,да,500/1000,15,электронное,Напольное/Настенное,IP24,1,да,да,да,380,90,600,4.1,470,130,645,4.8,Китай,36,4670033311938,шт,20,4670033311938,13x64.5x47,https://shop.thermex.ru/upload/iblock/212/wja991vgxc8s7e8tl4j77p16eser2yj7.png
THERMEX Spot 1000M,401 026,RUB,2300.179,0,1,,"<p>Купить name из наличия в ТД УЭТ. Доставка со склада в Екатеринбурге во все города России. Цена на name актуальна. Для заказа и уточнения дополнительных скидок отправьте запрос по e-mail: sale@uralenergotel.ru. Для постоянных клиентов предусмотрены специальные цены.&nbsp;<br><br>С полным ассортиментом вы можете ознакомиться перейдя по ссылке: Thermename. Также вы можете воспользоваться боковым меню справа и выбрать необходимые для вас характеристики, либо подобрать аналогичные товары из наличия у нас на сайте.&nbsp;<br><br>ТД УЭТ является официальным дилером компании «Thermename» в Екатеринбурге. Поставим name напрямую со склада в города России: Москва, Санкт-Петербург, Казань, Самара, Екатеринбург, Челябинск, Уфа, Тюмень, Краснодар, Новосибирск, Пермь, Сургут, Омск, Красноярск, Ростов-на-Дону, Нижний Новгород, Волгоград, Чита, Иркутск и т.д.</p>",,1,,THERMEX Spot 1000M с доставкой на uralenergotel.ru,THERMEX Spot 1000M по низким ценам у официального дилера завода ТД УЭТ,thermex_spot_1000m,уточняйте у менеджера,Доставка со склада в Москве,Thermex,Spot M,Spot 1000M,Конвекторы,401 026,THERMEX,Spot M,белый,4390,1000,да,500/1000,15,механическое,Напольное/Настенное,IP24,1,да,,,420,95,470,3.4,500,120,510,4,Китай,36,,шт,20,,12x51x50,https://shop.thermex.ru/upload/iblock/a13/k506tn71gvp126s5ct663gspnz3ii726.png
THERMEX Spot 2000M,401 028,RUB,3454.709,0,1,,"<p>Купить name из наличия в ТД УЭТ. Доставка со склада в Екатеринбурге во все города России. Цена на name актуальна. Для заказа и уточнения дополнительных скидок отправьте запрос по e-mail: sale@uralenergotel.ru. Для постоянных клиентов предусмотрены специальные цены.&nbsp;<br><br>С полным ассортиментом вы можете ознакомиться перейдя по ссылке: Thermename. Также вы можете воспользоваться боковым меню справа и выбрать необходимые для вас характеристики, либо подобрать аналогичные товары из наличия у нас на сайте.&nbsp;<br><br>ТД УЭТ является официальным дилером компании «Thermename» в Екатеринбурге. Поставим name напрямую со склада в города России: Москва, Санкт-Петербург, Казань, Самара, Екатеринбург, Челябинск, Уфа, Тюмень, Краснодар, Новосибирск, Пермь, Сургут, Омск, Красноярск, Ростов-на-Дону, Нижний Новгород, Волгоград, Чита, Иркутск и т.д.</p>",,1,,THERMEX Spot 2000M с доставкой на uralenergotel.ru,THERMEX Spot 2000M по низким ценам у официального дилера завода ТД УЭТ,thermex_spot_2000m,уточняйте у менеджера,Доставка со склада в Москве,Thermex,Spot M,Spot 2000M,Конвекторы,401 028,THERMEX,Spot M,белый,6090,2000,да,1000/2000,25,механическое,Напольное/Настенное,IP24,1,да,,,420,95,780,5,500,120,820,5.6,Китай,36,,шт,20,,12x82x50,https://shop.thermex.ru/upload/iblock/c4f/iuz0t9si75un6x7964aed6qt83zq94lw.png
THERMEX Cosmo 1500E,401 021,RUB,4342.809,0,1,,"<p>Купить name из наличия в ТД УЭТ. Доставка со склада в Екатеринбурге во все города России. Цена на name актуальна. Для заказа и уточнения дополнительных скидок отправьте запрос по e-mail: sale@uralenergotel.ru. Для постоянных клиентов предусмотрены специальные цены.&nbsp;<br><br>С полным ассортиментом вы можете ознакомиться перейдя по ссылке: Thermename. Также вы можете воспользоваться боковым меню справа и выбрать необходимые для вас характеристики, либо подобрать аналогичные товары из наличия у нас на сайте.&nbsp;<br><br>ТД УЭТ является официальным дилером компании «Thermename» в Екатеринбурге. Поставим name напрямую со склада в города России: Москва, Санкт-Петербург, Казань, Самара, Екатеринбург, Челябинск, Уфа, Тюмень, Краснодар, Новосибирск, Пермь, Сургут, Омск, Красноярск, Ростов-на-Дону, Нижний Новгород, Волгоград, Чита, Иркутск и т.д.</p>",,1,,THERMEX Cosmo 1500E с доставкой на uralenergotel.ru,THERMEX Cosmo 1500E по низким ценам у официального дилера завода ТД УЭТ,thermex_cosmo_1500e,уточняйте у менеджера,Доставка со склада в Москве,Thermex,Cosmo E,Cosmo 1500E,Конвекторы,401 021,THERMEX,Cosmo E,белый,5690,1500,да,750/1500,20,электронное,Напольное/Настенное,IP24,1,да,да,да,380,90,760,4.8,470,130,805,5.7,Китай,36,4670033311945,шт,20,4670033311945,13x80.5x47,https://shop.thermex.ru/upload/iblock/4b0/allwrn7mtaf1zcj3buhy1twjfw81xcpd.png
THERMEX Cosmo 2000E,401 022,RUB,4964.479,0,1,,"<p>Купить name из наличия в ТД УЭТ. Доставка со склада в Екатеринбурге во все города России. Цена на name актуальна. Для заказа и уточнения дополнительных скидок отправьте запрос по e-mail: sale@uralenergotel.ru. Для постоянных клиентов предусмотрены специальные цены.&nbsp;<br><br>С полным ассортиментом вы можете ознакомиться перейдя по ссылке: Thermename. Также вы можете воспользоваться боковым меню справа и выбрать необходимые для вас характеристики, либо подобрать аналогичные товары из наличия у нас на сайте.&nbsp;<br><br>ТД УЭТ является официальным дилером компании «Thermename» в Екатеринбурге. Поставим name напрямую со склада в города России: Москва, Санкт-Петербург, Казань, Самара, Екатеринбург, Челябинск, Уфа, Тюмень, Краснодар, Новосибирск, Пермь, Сургут, Омск, Красноярск, Ростов-на-Дону, Нижний Новгород, Волгоград, Чита, Иркутск и т.д.</p>",,1,,THERMEX Cosmo 2000E с доставкой на uralenergotel.ru,THERMEX Cosmo 2000E по низким ценам у официального дилера завода ТД УЭТ,thermex_cosmo_2000e,уточняйте у менеджера,Доставка со склада в Москве,Thermex,Cosmo E,Cosmo 2000E,Конвекторы,401 022,THERMEX,Cosmo E,белый,6690,2000,да,1000/2000,25,электронное,Напольное/Настенное,IP24,1,да,да,да,380,90,920,5.6,470,130,965,6.7,Китай,36,4670033311952,шт,20,4670033311952,13x96.5x47,https://shop.thermex.ru/upload/iblock/d40/xh5iig43czsydutx5vx75q12t5eh34f2.png
THERMEX Cozy 1,401 030,RUB,2655.419,0,1,,"<p>Купить name из наличия в ТД УЭТ. Доставка со склада в Екатеринбурге во все города России. Цена на name актуальна. Для заказа и уточнения дополнительных скидок отправьте запрос по e-mail: sale@uralenergotel.ru. Для постоянных клиентов предусмотрены специальные цены.&nbsp;<br><br>С полным ассортиментом вы можете ознакомиться перейдя по ссылке: Thermename. Также вы можете воспользоваться боковым меню справа и выбрать необходимые для вас характеристики, либо подобрать аналогичные товары из наличия у нас на сайте.&nbsp;<br><br>ТД УЭТ является официальным дилером компании «Thermename» в Екатеринбурге. Поставим name напрямую со склада в города России: Москва, Санкт-Петербург, Казань, Самара, Екатеринбург, Челябинск, Уфа, Тюмень, Краснодар, Новосибирск, Пермь, Сургут, Омск, Красноярск, Ростов-на-Дону, Нижний Новгород, Волгоград, Чита, Иркутск и т.д.</p>",,1,,THERMEX Cozy 1 с доставкой на uralenergotel.ru,THERMEX Cozy 1 по низким ценам у официального дилера завода ТД УЭТ,thermex_cozy_1,уточняйте у менеджера,Доставка со склада в Москве,Thermex,Cozy,Cozy 1,Конвекторы,401 030,THERMEX,Cozy,Мокрый асфальт,,1000,да,500/1000,15,механическое,Напольное/Настенное,IP24,,да,да,нет,400,103,460,3.3,450,125,480,4,Россия,12,4670033316636,шт,20,4670033316636,12.5x48x45,https://shop.thermex.ru/upload/iblock/943/wu8whnyvnqiwhv2990mh3jchjq6zk0d7.png
"THERMEX Cozy 1,5",401 031,RUB,3188.279,0,1,,"<p>Купить name из наличия в ТД УЭТ. Доставка со склада в Екатеринбурге во все города России. Цена на name актуальна. Для заказа и уточнения дополнительных скидок отправьте запрос по e-mail: sale@uralenergotel.ru. Для постоянных клиентов предусмотрены специальные цены.&nbsp;<br><br>С полным ассортиментом вы можете ознакомиться перейдя по ссылке: Thermename. Также вы можете воспользоваться боковым меню справа и выбрать необходимые для вас характеристики, либо подобрать аналогичные товары из наличия у нас на сайте.&nbsp;<br><br>ТД УЭТ является официальным дилером компании «Thermename» в Екатеринбурге. Поставим name напрямую со склада в города России: Москва, Санкт-Петербург, Казань, Самара, Екатеринбург, Челябинск, Уфа, Тюмень, Краснодар, Новосибирск, Пермь, Сургут, Омск, Красноярск, Ростов-на-Дону, Нижний Новгород, Волгоград, Чита, Иркутск и т.д.</p>",,1,,"THERMEX Cozy 1,5 с доставкой на uralenergotel.ru","THERMEX Cozy 1,5 по низким ценам у официального дилера завода ТД УЭТ","thermex_cozy_1,5",уточняйте у менеджера,Доставка со склада в Москве,Thermex,Cozy,"Cozy 1,5",Конвекторы,401 031,THERMEX,Cozy,Мокрый асфальт,,1500,да,750/1500,20,механическое,Напольное/Настенное,IP24,,да,,,400,103,595,4,450,125,615,4.8,Россия,12,4670033316698,шт,20,4670033316698,12.5x61.5x45,https://shop.thermex.ru/upload/iblock/58d/xlqpch7ecc4w4ln3o0f2virq4ups7zzc.png
THERMEX Cozy 2,401 032,RUB,3632.329,0,1,,"<p>Купить name из наличия в ТД УЭТ. Доставка со склада в Екатеринбурге во все города России. Цена на name актуальна. Для заказа и уточнения дополнительных скидок отправьте запрос по e-mail: sale@uralenergotel.ru. Для постоянных клиентов предусмотрены специальные цены.&nbsp;<br><br>С полным ассортиментом вы можете ознакомиться перейдя по ссылке: Thermename. Также вы можете воспользоваться боковым меню справа и выбрать необходимые для вас характеристики, либо подобрать аналогичные товары из наличия у нас на сайте.&nbsp;<br><br>ТД УЭТ является официальным дилером компании «Thermename» в Екатеринбурге. Поставим name напрямую со склада в города России: Москва, Санкт-Петербург, Казань, Самара, Екатеринбург, Челябинск, Уфа, Тюмень, Краснодар, Новосибирск, Пермь, Сургут, Омск, Красноярск, Ростов-на-Дону, Нижний Новгород, Волгоград, Чита, Иркутск и т.д.</p>",,1,,THERMEX Cozy 2 с доставкой на uralenergotel.ru,THERMEX Cozy 2 по низким ценам у официального дилера завода ТД УЭТ,thermex_cozy_2,уточняйте у менеджера,Доставка со склада в Москве,Thermex,Cozy,Cozy 2,Конвекторы,401 032,THERMEX,Cozy,Мокрый асфальт,,2000,да,1000/2000,25,механическое,Напольное/Настенное,IP24,,да,,,400,103,830,5.3,450,125,850,6.2,Россия,12,4670033316711,шт,20,4670033316711,12.5x85x45,https://shop.thermex.ru/upload/iblock/d31/xpovcidr7lwkvlaheodvdhvryb37vgya.png
THERMEX Hygge 1,401 045,RUB,2655.419,0,1,,"<p>Купить name из наличия в ТД УЭТ. Доставка со склада в Екатеринбурге во все города России. Цена на name актуальна. Для заказа и уточнения дополнительных скидок отправьте запрос по e-mail: sale@uralenergotel.ru. Для постоянных клиентов предусмотрены специальные цены.&nbsp;<br><br>С полным ассортиментом вы можете ознакомиться перейдя по ссылке: Thermename. Также вы можете воспользоваться боковым меню справа и выбрать необходимые для вас характеристики, либо подобрать аналогичные товары из наличия у нас на сайте.&nbsp;<br><br>ТД УЭТ является официальным дилером компании «Thermename» в Екатеринбурге. Поставим name напрямую со склада в города России: Москва, Санкт-Петербург, Казань, Самара, Екатеринбург, Челябинск, Уфа, Тюмень, Краснодар, Новосибирск, Пермь, Сургут, Омск, Красноярск, Ростов-на-Дону, Нижний Новгород, Волгоград, Чита, Иркутск и т.д.</p>",,1,,THERMEX Hygge 1 с доставкой на uralenergotel.ru,THERMEX Hygge 1 по низким ценам у официального дилера завода ТД УЭТ,thermex_hygge_1,уточняйте у менеджера,Доставка со склада в Москве,Thermex,Hygge,Hygge 1,Конвекторы,401 045,THERMEX,Hygge,белый,,1000,да,500/1000,15,механическое,Напольное/Настенное,IP24,,да,да,,400,103,460,3.3,450,125,480,4,Россия,12,,шт,20,,12.5x48x45,https://shop.thermex.ru/upload/iblock/ae5/dkw3rtka3vb8wsc7us7s3x4rdydljqcw.png
"THERMEX Hygge 1,5",401 046,RUB,3188.279,0,1,,"<p>Купить name из наличия в ТД УЭТ. Доставка со склада в Екатеринбурге во все города России. Цена на name актуальна. Для заказа и уточнения дополнительных скидок отправьте запрос по e-mail: sale@uralenergotel.ru. Для постоянных клиентов предусмотрены специальные цены.&nbsp;<br><br>С полным ассортиментом вы можете ознакомиться перейдя по ссылке: Thermename. Также вы можете воспользоваться боковым меню справа и выбрать необходимые для вас характеристики, либо подобрать аналогичные товары из наличия у нас на сайте.&nbsp;<br><br>ТД УЭТ является официальным дилером компании «Thermename» в Екатеринбурге. Поставим name напрямую со склада в города России: Москва, Санкт-Петербург, Казань, Самара, Екатеринбург, Челябинск, Уфа, Тюмень, Краснодар, Новосибирск, Пермь, Сургут, Омск, Красноярск, Ростов-на-Дону, Нижний Новгород, Волгоград, Чита, Иркутск и т.д.</p>",,1,,"THERMEX Hygge 1,5 с доставкой на uralenergotel.ru","THERMEX Hygge 1,5 по низким ценам у официального дилера завода ТД УЭТ","thermex_hygge_1,5",уточняйте у менеджера,Доставка со склада в Москве,Thermex,Hygge,"Hygge 1,5",Конвекторы,401 046,THERMEX,Hygge,белый,,1500,да,750/1500,20,механическое,Напольное/Настенное,IP24,,да,,,400,103,595,4,450,125,615,4.8,Россия,12,,шт,20,,12.5x61.5x45,https://shop.thermex.ru/upload/iblock/ae5/dkw3rtka3vb8wsc7us7s3x4rdydljqcw.png
THERMEX Hygge 2,401 047,RUB,3632.329,0,1,,"<p>Купить name из наличия в ТД УЭТ. Доставка со склада в Екатеринбурге во все города России. Цена на name актуальна. Для заказа и уточнения дополнительных скидок отправьте запрос по e-mail: sale@uralenergotel.ru. Для постоянных клиентов предусмотрены специальные цены.&nbsp;<br><br>С полным ассортиментом вы можете ознакомиться перейдя по ссылке: Thermename. Также вы можете воспользоваться боковым меню справа и выбрать необходимые для вас характеристики, либо подобрать аналогичные товары из наличия у нас на сайте.&nbsp;<br><br>ТД УЭТ является официальным дилером компании «Thermename» в Екатеринбурге. Поставим name напрямую со склада в города России: Москва, Санкт-Петербург, Казань, Самара, Екатеринбург, Челябинск, Уфа, Тюмень, Краснодар, Новосибирск, Пермь, Сургут, Омск, Красноярск, Ростов-на-Дону, Нижний Новгород, Волгоград, Чита, Иркутск и т.д.</p>",,1,,THERMEX Hygge 2 с доставкой на uralenergotel.ru,THERMEX Hygge 2 по низким ценам у официального дилера завода ТД УЭТ,thermex_hygge_2,уточняйте у менеджера,Доставка со склада в Москве,Thermex,Hygge,Hygge 2,Конвекторы,401 047,THERMEX,Hygge,белый,,2000,да,1000/2000,25,механическое,Напольное/Настенное,IP24,,да,,,400,103,830,5.3,450,125,850,6.2,Россия,12,4670033317411,шт,20,4670033317411,12.5x85x45,https://shop.thermex.ru/upload/iblock/ae5/dkw3rtka3vb8wsc7us7s3x4rdydljqcw.png
THERMEX Varenna 2000E,401 039,RUB,4520.429,0,1,,"<p>Купить name из наличия в ТД УЭТ. Доставка со склада в Екатеринбурге во все города России. Цена на name актуальна. Для заказа и уточнения дополнительных скидок отправьте запрос по e-mail: sale@uralenergotel.ru. Для постоянных клиентов предусмотрены специальные цены.&nbsp;<br><br>С полным ассортиментом вы можете ознакомиться перейдя по ссылке: Thermename. Также вы можете воспользоваться боковым меню справа и выбрать необходимые для вас характеристики, либо подобрать аналогичные товары из наличия у нас на сайте.&nbsp;<br><br>ТД УЭТ является официальным дилером компании «Thermename» в Екатеринбурге. Поставим name напрямую со склада в города России: Москва, Санкт-Петербург, Казань, Самара, Екатеринбург, Челябинск, Уфа, Тюмень, Краснодар, Новосибирск, Пермь, Сургут, Омск, Красноярск, Ростов-на-Дону, Нижний Новгород, Волгоград, Чита, Иркутск и т.д.</p>",,1,,THERMEX Varenna 2000E с доставкой на uralenergotel.ru,THERMEX Varenna 2000E по низким ценам у официального дилера завода ТД УЭТ,thermex_varenna_2000e,уточняйте у менеджера,Доставка со склада в Москве,Thermex,Varenna E,Varenna 2000E,Конвекторы,401 039,THERMEX,Varenna E,графит,,2000,да,1000/2000,25,электронное,Напольное/Настенное,IP24,,да,,да,500,225,815,5.1,465,108,887,6.2,Китай,36,,шт,20,,10.8x88.7x46.5,https://shop.thermex.ru/upload/iblock/755/z1jhwl3fv619vvy862cfnawnsdhpc45l.png
THERMEX Dorio 1500E,401 040,RUB,4875.669,0,1,,"<p>Купить name из наличия в ТД УЭТ. Доставка со склада в Екатеринбурге во все города России. Цена на name актуальна. Для заказа и уточнения дополнительных скидок отправьте запрос по e-mail: sale@uralenergotel.ru. Для постоянных клиентов предусмотрены специальные цены.&nbsp;<br><br>С полным ассортиментом вы можете ознакомиться перейдя по ссылке: Thermename. Также вы можете воспользоваться боковым меню справа и выбрать необходимые для вас характеристики, либо подобрать аналогичные товары из наличия у нас на сайте.&nbsp;<br><br>ТД УЭТ является официальным дилером компании «Thermename» в Екатеринбурге. Поставим name напрямую со склада в города России: Москва, Санкт-Петербург, Казань, Самара, Екатеринбург, Челябинск, Уфа, Тюмень, Краснодар, Новосибирск, Пермь, Сургут, Омск, Красноярск, Ростов-на-Дону, Нижний Новгород, Волгоград, Чита, Иркутск и т.д.</p>",,1,,THERMEX Dorio 1500E с доставкой на uralenergotel.ru,THERMEX Dorio 1500E по низким ценам у официального дилера завода ТД УЭТ,thermex_dorio_1500e,уточняйте у менеджера,Доставка со склада в Москве,Thermex,Dorio E,Dorio 1500E,Конвекторы,401 040,THERMEX,Dorio E,чёрный,,1500,да,750/1500,20,электронное,Напольное/Настенное,IP24,1,да,да,да,500,225,800,5.1,465,108,875,6.2,Китай,36,,шт,20,,10.8x87.5x46.5,https://shop.thermex.ru/upload/iblock/1d4/k9kdsgve5dyxlxpu85r6wvxcw4xtw3uc.png
THERMEX Alto 1500 Wi-Fi,401 036,RUB,6296.629,0,1,,"<p>Купить name из наличия в ТД УЭТ. Доставка со склада в Екатеринбурге во все города России. Цена на name актуальна. Для заказа и уточнения дополнительных скидок отправьте запрос по e-mail: sale@uralenergotel.ru. Для постоянных клиентов предусмотрены специальные цены.&nbsp;<br><br>С полным ассортиментом вы можете ознакомиться перейдя по ссылке: Thermename. Также вы можете воспользоваться боковым меню справа и выбрать необходимые для вас характеристики, либо подобрать аналогичные товары из наличия у нас на сайте.&nbsp;<br><br>ТД УЭТ является официальным дилером компании «Thermename» в Екатеринбурге. Поставим name напрямую со склада в города России: Москва, Санкт-Петербург, Казань, Самара, Екатеринбург, Челябинск, Уфа, Тюмень, Краснодар, Новосибирск, Пермь, Сургут, Омск, Красноярск, Ростов-на-Дону, Нижний Новгород, Волгоград, Чита, Иркутск и т.д.</p>",,1,,THERMEX Alto 1500 Wi-Fi с доставкой на uralenergotel.ru,THERMEX Alto 1500 Wi-Fi по низким ценам у официального дилера завода ТД УЭТ,thermex_alto_1500_wi-fi,уточняйте у менеджера,Доставка со склада в Москве,Thermex,Alto Wi-Fi,Alto 1500 Wi-Fi,Конвекторы,401 036,THERMEX,Alto Wi-Fi,чёрный,,1500,да,750/1500,20,электронное,Напольное,IP22,,да,да,да,615,255,495,5.02,570,145,575,6.18,Китай,36,,шт,20,,14.5x57.5x57,https://shop.thermex.ru/upload/iblock/22e/vglyoyz1hal5u9m4khtiqf7fnwq2e5uy.png
THERMEX Alto 2000 Wi-Fi,401 037,RUB,6829.4890000000005,0,1,,"<p>Купить name из наличия в ТД УЭТ. Доставка со склада в Екатеринбурге во все города России. Цена на name актуальна. Для заказа и уточнения дополнительных скидок отправьте запрос по e-mail: sale@uralenergotel.ru. Для постоянных клиентов предусмотрены специальные цены.&nbsp;<br><br>С полным ассортиментом вы можете ознакомиться перейдя по ссылке: Thermename. Также вы можете воспользоваться боковым меню справа и выбрать необходимые для вас характеристики, либо подобрать аналогичные товары из наличия у нас на сайте.&nbsp;<br><br>ТД УЭТ является официальным дилером компании «Thermename» в Екатеринбурге. Поставим name напрямую со склада в города России: Москва, Санкт-Петербург, Казань, Самара, Екатеринбург, Челябинск, Уфа, Тюмень, Краснодар, Новосибирск, Пермь, Сургут, Омск, Красноярск, Ростов-на-Дону, Нижний Новгород, Волгоград, Чита, Иркутск и т.д.</p>",,1,,THERMEX Alto 2000 Wi-Fi с доставкой на uralenergotel.ru,THERMEX Alto 2000 Wi-Fi по низким ценам у официального дилера завода ТД УЭТ,thermex_alto_2000_wi-fi,уточняйте у менеджера,Доставка со склада в Москве,Thermex,Alto Wi-Fi,Alto 2000 Wi-Fi,Конвекторы,401 037,THERMEX,Alto Wi-Fi,черный,,2000,да,1000/2000,25,электронное,Напольное,IP22,,да,да,да,615,255,575,5.66,570,145,655,6.95,Китай,36,,шт,20,,14.5x65.5x57,https://shop.thermex.ru/upload/iblock/22e/vglyoyz1hal5u9m4khtiqf7fnwq2e5uy.png
