Наименование,Артикул,Валюта,"Цена, с НДС",В наличии,Доступен для заказа,Краткая информация,Описание,Наклейка,Статус,Теги,Meta Title,Meta Description,URL,Срок изготовления,Доставка,Производитель,Серия,Код товара,Категория товара,Артикул,Бренд,Вид нагревательного элемента,Серия,Материал нагревательного элемента,"Параметры сети, В/А","Ном. ток нагрузки, А",Цвет корпуса,"Мощность прибора, кВт",Старая цена,Тип водонагревателя,"Макс. мощность электрическая, Вт",Количество фаз подключения,Тип управления,"Производительность, л/мин (∆t=25℃)","Производительность, л/мин (∆t=35℃)","Минимальное сечение кабеля, кв. мм",Присоединительный размер,Тип размещения,"Минимальное рабочее давление, МПа",Точки водоразбора,Класс IP,Класс защиты от поражения электрическим током,Защита от включения без воды,Защита от перегрева,Работает с Алисой,Дисплей,Душевая насадка,Шланг для душа,"Высота, мм","Глубина, мм","Ширина, мм","Вес, кг","Высота упаковки, мм","Глубина упаковки, мм","Ширина упаковки, мм","Вес упаковки, кг",Страна производитель,"Гарантия на изделие, мес",Базовая единица,Ставки налогов,"Размеры (ДхШхВ), см",Изображения
THERMEX Surf 3500,211 013,RUB,4431.619,0,1,,"<p>Купить name из наличия в ТД УЭТ. Доставка со склада в Екатеринбурге во все города России. Цена на name актуальна. Для заказа и уточнения дополнительных скидок отправьте запрос по e-mail: sale@uralenergotel.ru. Для постоянных клиентов предусмотрены специальные цены.&nbsp;<br><br>С полным ассортиментом вы можете ознакомиться перейдя по ссылке: Thermename. Также вы можете воспользоваться боковым меню справа и выбрать необходимые для вас характеристики, либо подобрать аналогичные товары из наличия у нас на сайте.&nbsp;<br><br>ТД УЭТ является официальным дилером компании «Thermename» в Екатеринбурге. Поставим name напрямую со склада в города России: Москва, Санкт-Петербург, Казань, Самара, Екатеринбург, Челябинск, Уфа, Тюмень, Краснодар, Новосибирск, Пермь, Сургут, Омск, Красноярск, Ростов-на-Дону, Нижний Новгород, Волгоград, Чита, Иркутск и т.д.</p>",,1,,THERMEX Surf 3500 с доставкой на uralenergotel.ru,THERMEX Surf 3500 по низким ценам у официального дилера завода ТД УЭТ,thermex_surf_3500,уточняйте у менеджера,Доставка со склада в Москве,Thermex,Surf,Surf 3500,Водонагреватели,211 013,THERMEX,спираль,Surf,нержавеющая сталь,230,16,белый,3.5,4290,проточный,3500,1,гидравлическое,2,1.4,1.5,G1/2,универсальное,0.05,одна,IPX4,1,да,да,нет,нет,да,да,194,80,135,1.3,245,104,194,1.5,Китай,24,шт,20,10.4x19.4x24.5,https://shop.thermex.ru/upload/iblock/09a/iqsj5klwu2smfgv829o0tpe41xgzbwcx.png
THERMEX Surf 5000,211 014,RUB,4698.049,0,1,,"<p>Купить name из наличия в ТД УЭТ. Доставка со склада в Екатеринбурге во все города России. Цена на name актуальна. Для заказа и уточнения дополнительных скидок отправьте запрос по e-mail: sale@uralenergotel.ru. Для постоянных клиентов предусмотрены специальные цены.&nbsp;<br><br>С полным ассортиментом вы можете ознакомиться перейдя по ссылке: Thermename. Также вы можете воспользоваться боковым меню справа и выбрать необходимые для вас характеристики, либо подобрать аналогичные товары из наличия у нас на сайте.&nbsp;<br><br>ТД УЭТ является официальным дилером компании «Thermename» в Екатеринбурге. Поставим name напрямую со склада в города России: Москва, Санкт-Петербург, Казань, Самара, Екатеринбург, Челябинск, Уфа, Тюмень, Краснодар, Новосибирск, Пермь, Сургут, Омск, Красноярск, Ростов-на-Дону, Нижний Новгород, Волгоград, Чита, Иркутск и т.д.</p>",,1,,THERMEX Surf 5000 с доставкой на uralenergotel.ru,THERMEX Surf 5000 по низким ценам у официального дилера завода ТД УЭТ,thermex_surf_5000,уточняйте у менеджера,Доставка со склада в Москве,Thermex,Surf,Surf 5000,Водонагреватели,211 014,THERMEX,спираль,Surf,нержавеющая сталь,230,23,белый,5,4490,проточный,5000,1,гидравлическое,2.9,2,2.5,G1/2,универсальное,0.05,одна,IPX4,1,да,да,нет,нет,да,да,194,80,135,1.3,245,104,194,1.5,Китай,24,шт,20,10.4x19.4x24.5,https://shop.thermex.ru/upload/iblock/d51/zez7hqny9ms9mggek5l2uraa2ecs26bh.png
THERMEX Surf 6000,211 015,RUB,5319.719,0,1,,"<p>Купить name из наличия в ТД УЭТ. Доставка со склада в Екатеринбурге во все города России. Цена на name актуальна. Для заказа и уточнения дополнительных скидок отправьте запрос по e-mail: sale@uralenergotel.ru. Для постоянных клиентов предусмотрены специальные цены.&nbsp;<br><br>С полным ассортиментом вы можете ознакомиться перейдя по ссылке: Thermename. Также вы можете воспользоваться боковым меню справа и выбрать необходимые для вас характеристики, либо подобрать аналогичные товары из наличия у нас на сайте.&nbsp;<br><br>ТД УЭТ является официальным дилером компании «Thermename» в Екатеринбурге. Поставим name напрямую со склада в города России: Москва, Санкт-Петербург, Казань, Самара, Екатеринбург, Челябинск, Уфа, Тюмень, Краснодар, Новосибирск, Пермь, Сургут, Омск, Красноярск, Ростов-на-Дону, Нижний Новгород, Волгоград, Чита, Иркутск и т.д.</p>",,1,,THERMEX Surf 6000 с доставкой на uralenergotel.ru,THERMEX Surf 6000 по низким ценам у официального дилера завода ТД УЭТ,thermex_surf_6000,уточняйте у менеджера,Доставка со склада в Москве,Thermex,Surf,Surf 6000,Водонагреватели,211 015,THERMEX,спираль,Surf,нержавеющая сталь,230,27,белый,6,4790,проточный,6000,1,гидравлическое,3.4,2.5,4,G1/2,универсальное,0.05,одна,IPX4,1,да,да,нет,нет,да,да,194,80,135,1.3,245,104,194,1.5,Китай,24,шт,20,10.4x19.4x24.5,https://shop.thermex.ru/upload/iblock/05f/klwhvvhhslvoa505boa17mhu8bzikg36.png
THERMEX Topflow 6000,211 018,RUB,9849.028999999999,0,1,,"<p>Купить name из наличия в ТД УЭТ. Доставка со склада в Екатеринбурге во все города России. Цена на name актуальна. Для заказа и уточнения дополнительных скидок отправьте запрос по e-mail: sale@uralenergotel.ru. Для постоянных клиентов предусмотрены специальные цены.&nbsp;<br><br>С полным ассортиментом вы можете ознакомиться перейдя по ссылке: Thermename. Также вы можете воспользоваться боковым меню справа и выбрать необходимые для вас характеристики, либо подобрать аналогичные товары из наличия у нас на сайте.&nbsp;<br><br>ТД УЭТ является официальным дилером компании «Thermename» в Екатеринбурге. Поставим name напрямую со склада в города России: Москва, Санкт-Петербург, Казань, Самара, Екатеринбург, Челябинск, Уфа, Тюмень, Краснодар, Новосибирск, Пермь, Сургут, Омск, Красноярск, Ростов-на-Дону, Нижний Новгород, Волгоград, Чита, Иркутск и т.д.</p>",,1,,THERMEX Topflow 6000 с доставкой на uralenergotel.ru,THERMEX Topflow 6000 по низким ценам у официального дилера завода ТД УЭТ,thermex_topflow_6000,уточняйте у менеджера,Доставка со склада в Москве,Thermex,Topflow,Topflow 6000,Водонагреватели,211 018,THERMEX,спираль,Topflow,нержавеющая сталь,230/400,27,белый,6,9190,проточный,6000,1,электронное,3.4,2.5,4,G1/2,над раковиной,0.1,несколько,IP25,1,да,да,,да,нет,нет,350,120,200,2.7,400,140,225,3.2,Китай,24,шт,20,14x22.5x40,https://shop.thermex.ru/upload/iblock/7fe/d73iojxd09awqiwzj9o9wfha78ggi2na.png
THERMEX Topflow 8000,211 019,RUB,10559.509,0,1,,"<p>Купить name из наличия в ТД УЭТ. Доставка со склада в Екатеринбурге во все города России. Цена на name актуальна. Для заказа и уточнения дополнительных скидок отправьте запрос по e-mail: sale@uralenergotel.ru. Для постоянных клиентов предусмотрены специальные цены.&nbsp;<br><br>С полным ассортиментом вы можете ознакомиться перейдя по ссылке: Thermename. Также вы можете воспользоваться боковым меню справа и выбрать необходимые для вас характеристики, либо подобрать аналогичные товары из наличия у нас на сайте.&nbsp;<br><br>ТД УЭТ является официальным дилером компании «Thermename» в Екатеринбурге. Поставим name напрямую со склада в города России: Москва, Санкт-Петербург, Казань, Самара, Екатеринбург, Челябинск, Уфа, Тюмень, Краснодар, Новосибирск, Пермь, Сургут, Омск, Красноярск, Ростов-на-Дону, Нижний Новгород, Волгоград, Чита, Иркутск и т.д.</p>",,1,,THERMEX Topflow 8000 с доставкой на uralenergotel.ru,THERMEX Topflow 8000 по низким ценам у официального дилера завода ТД УЭТ,thermex_topflow_8000,уточняйте у менеджера,Доставка со склада в Москве,Thermex,Topflow,Topflow 8000,Водонагреватели,211 019,THERMEX,спираль,Topflow,нержавеющая сталь,230/400,36,белый,8,10490,проточный,8000,1,электронное,4.6,3.3,4,G1/2,над раковиной,0.1,несколько,IP25,1,да,да,,да,нет,нет,350,120,200,2.7,400,140,225,3.2,Китай,24,шт,20,14x22.5x40,https://shop.thermex.ru/upload/iblock/880/z3rjs5s0nox7bkuymczufpr540hu4jfl.png
THERMEX Topflow 10000,211 020,RUB,11003.559,0,1,,"<p>Купить name из наличия в ТД УЭТ. Доставка со склада в Екатеринбурге во все города России. Цена на name актуальна. Для заказа и уточнения дополнительных скидок отправьте запрос по e-mail: sale@uralenergotel.ru. Для постоянных клиентов предусмотрены специальные цены.&nbsp;<br><br>С полным ассортиментом вы можете ознакомиться перейдя по ссылке: Thermename. Также вы можете воспользоваться боковым меню справа и выбрать необходимые для вас характеристики, либо подобрать аналогичные товары из наличия у нас на сайте.&nbsp;<br><br>ТД УЭТ является официальным дилером компании «Thermename» в Екатеринбурге. Поставим name напрямую со склада в города России: Москва, Санкт-Петербург, Казань, Самара, Екатеринбург, Челябинск, Уфа, Тюмень, Краснодар, Новосибирск, Пермь, Сургут, Омск, Красноярск, Ростов-на-Дону, Нижний Новгород, Волгоград, Чита, Иркутск и т.д.</p>",,1,,THERMEX Topflow 10000 с доставкой на uralenergotel.ru,THERMEX Topflow 10000 по низким ценам у официального дилера завода ТД УЭТ,thermex_topflow_10000,уточняйте у менеджера,Доставка со склада в Москве,Thermex,Topflow,Topflow 10000,Водонагреватели,211 020,THERMEX,спираль,Topflow,нержавеющая сталь,230/400,46,белый,10,11190,проточный,10000,1,электронное,5.7,4.1,6,G1/2,над раковиной,0.1,несколько,IP25,1,да,да,,да,нет,нет,350,120,200,2.7,400,140,225,3.2,Китай,24,шт,20,14x22.5x40,https://shop.thermex.ru/upload/iblock/4e8/wwxh3lfg431k6e7807e1702hvoh9cprs.png
THERMEX Topflow 15000,211 021,RUB,12513.329,0,1,,"<p>Купить name из наличия в ТД УЭТ. Доставка со склада в Екатеринбурге во все города России. Цена на name актуальна. Для заказа и уточнения дополнительных скидок отправьте запрос по e-mail: sale@uralenergotel.ru. Для постоянных клиентов предусмотрены специальные цены.&nbsp;<br><br>С полным ассортиментом вы можете ознакомиться перейдя по ссылке: Thermename. Также вы можете воспользоваться боковым меню справа и выбрать необходимые для вас характеристики, либо подобрать аналогичные товары из наличия у нас на сайте.&nbsp;<br><br>ТД УЭТ является официальным дилером компании «Thermename» в Екатеринбурге. Поставим name напрямую со склада в города России: Москва, Санкт-Петербург, Казань, Самара, Екатеринбург, Челябинск, Уфа, Тюмень, Краснодар, Новосибирск, Пермь, Сургут, Омск, Красноярск, Ростов-на-Дону, Нижний Новгород, Волгоград, Чита, Иркутск и т.д.</p>",,1,,THERMEX Topflow 15000 с доставкой на uralenergotel.ru,THERMEX Topflow 15000 по низким ценам у официального дилера завода ТД УЭТ,thermex_topflow_15000,уточняйте у менеджера,Доставка со склада в Москве,Thermex,Topflow,Topflow 15000,Водонагреватели,211 021,THERMEX,спираль,Topflow,нержавеющая сталь,400,23,белый,15,12590,проточный,15000,3,электронное,8.5,6.2,4,G1/2,над раковиной,0.1,несколько,IP25,1,да,да,,да,,,350,120,200,2.7,400,140,225,3.2,Китай,24,шт,20,14x22.5x40,https://shop.thermex.ru/upload/iblock/049/ym3q2csu5p0g95tthe16w2758gko9lm1.png
THERMEX Topflow Pro 21000,211 022,RUB,13401.429,0,1,,"<p>Купить name из наличия в ТД УЭТ. Доставка со склада в Екатеринбурге во все города России. Цена на name актуальна. Для заказа и уточнения дополнительных скидок отправьте запрос по e-mail: sale@uralenergotel.ru. Для постоянных клиентов предусмотрены специальные цены.&nbsp;<br><br>С полным ассортиментом вы можете ознакомиться перейдя по ссылке: Thermename. Также вы можете воспользоваться боковым меню справа и выбрать необходимые для вас характеристики, либо подобрать аналогичные товары из наличия у нас на сайте.&nbsp;<br><br>ТД УЭТ является официальным дилером компании «Thermename» в Екатеринбурге. Поставим name напрямую со склада в города России: Москва, Санкт-Петербург, Казань, Самара, Екатеринбург, Челябинск, Уфа, Тюмень, Краснодар, Новосибирск, Пермь, Сургут, Омск, Красноярск, Ростов-на-Дону, Нижний Новгород, Волгоград, Чита, Иркутск и т.д.</p>",,1,,THERMEX Topflow Pro 21000 с доставкой на uralenergotel.ru,THERMEX Topflow Pro 21000 по низким ценам у официального дилера завода ТД УЭТ,thermex_topflow_pro_21000,уточняйте у менеджера,Доставка со склада в Москве,Thermex,Topflow Pro,Topflow Pro 21000,Водонагреватели,211 022,THERMEX,ТЭН,Topflow Pro,нержавеющая сталь,400,32,белый,21,13990,проточный,21000,3,электронное,11.8,8.5,4,G1/2,над раковиной,0.1,несколько,IPX4,1,да,да,,да,нет,нет,477,125,257,4.3,500,165,300,5,Китай,24,шт,20,16.5x30x50,https://shop.thermex.ru/upload/iblock/9a5/cu990c1c840irsw1splrnqnt895j1cak.png
THERMEX City 5500,211 005,RUB,2655.419,0,1,,"<p>Купить name из наличия в ТД УЭТ. Доставка со склада в Екатеринбурге во все города России. Цена на name актуальна. Для заказа и уточнения дополнительных скидок отправьте запрос по e-mail: sale@uralenergotel.ru. Для постоянных клиентов предусмотрены специальные цены.&nbsp;<br><br>С полным ассортиментом вы можете ознакомиться перейдя по ссылке: Thermename. Также вы можете воспользоваться боковым меню справа и выбрать необходимые для вас характеристики, либо подобрать аналогичные товары из наличия у нас на сайте.&nbsp;<br><br>ТД УЭТ является официальным дилером компании «Thermename» в Екатеринбурге. Поставим name напрямую со склада в города России: Москва, Санкт-Петербург, Казань, Самара, Екатеринбург, Челябинск, Уфа, Тюмень, Краснодар, Новосибирск, Пермь, Сургут, Омск, Красноярск, Ростов-на-Дону, Нижний Новгород, Волгоград, Чита, Иркутск и т.д.</p>",,1,,THERMEX City 5500 с доставкой на uralenergotel.ru,THERMEX City 5500 по низким ценам у официального дилера завода ТД УЭТ,thermex_city_5500,уточняйте у менеджера,Доставка со склада в Москве,Thermex,City,City 5500,Водонагреватели,211 005,THERMEX,ТЭН,City,медь,230,25,белый,5.5,2990,проточный,5500,1,механическое,3.1,2.2,2.5,G1/2,над раковиной,0.03,одна,IPX4,1,да,да,,,да,да,159,112,274,1.5,231,121,283,1.9,Китай,12,шт,20,12.1x28.3x23.1,https://shop.thermex.ru/upload/iblock/173/bmflky89zamrq7weei5ck88iawo1hucm.png
THERMEX City 6500,211 006,RUB,2744.229,0,1,,"<p>Купить name из наличия в ТД УЭТ. Доставка со склада в Екатеринбурге во все города России. Цена на name актуальна. Для заказа и уточнения дополнительных скидок отправьте запрос по e-mail: sale@uralenergotel.ru. Для постоянных клиентов предусмотрены специальные цены.&nbsp;<br><br>С полным ассортиментом вы можете ознакомиться перейдя по ссылке: Thermename. Также вы можете воспользоваться боковым меню справа и выбрать необходимые для вас характеристики, либо подобрать аналогичные товары из наличия у нас на сайте.&nbsp;<br><br>ТД УЭТ является официальным дилером компании «Thermename» в Екатеринбурге. Поставим name напрямую со склада в города России: Москва, Санкт-Петербург, Казань, Самара, Екатеринбург, Челябинск, Уфа, Тюмень, Краснодар, Новосибирск, Пермь, Сургут, Омск, Красноярск, Ростов-на-Дону, Нижний Новгород, Волгоград, Чита, Иркутск и т.д.</p>",,1,,THERMEX City 6500 с доставкой на uralenergotel.ru,THERMEX City 6500 по низким ценам у официального дилера завода ТД УЭТ,thermex_city_6500,уточняйте у менеджера,Доставка со склада в Москве,Thermex,City,City 6500,Водонагреватели,211 006,THERMEX,ТЭН,City,медь,230,30,белый,6.5,3090,проточный,6500,1,механическое,3.7,2.7,4,G1/2,над раковиной,0.03,одна,IPX4,1,да,да,,нет,да,да,159,112,274,1.5,231,121,283,1.9,Китай,12,шт,20,12.1x28.3x23.1,https://shop.thermex.ru/upload/iblock/e46/7dmz56a7jeiblcrkr13p4zwmi7s1d6sl.png
THERMEX Trend 6000,211 024,RUB,7184.729,0,1,,"<p>Купить name из наличия в ТД УЭТ. Доставка со склада в Екатеринбурге во все города России. Цена на name актуальна. Для заказа и уточнения дополнительных скидок отправьте запрос по e-mail: sale@uralenergotel.ru. Для постоянных клиентов предусмотрены специальные цены.&nbsp;<br><br>С полным ассортиментом вы можете ознакомиться перейдя по ссылке: Thermename. Также вы можете воспользоваться боковым меню справа и выбрать необходимые для вас характеристики, либо подобрать аналогичные товары из наличия у нас на сайте.&nbsp;<br><br>ТД УЭТ является официальным дилером компании «Thermename» в Екатеринбурге. Поставим name напрямую со склада в города России: Москва, Санкт-Петербург, Казань, Самара, Екатеринбург, Челябинск, Уфа, Тюмень, Краснодар, Новосибирск, Пермь, Сургут, Омск, Красноярск, Ростов-на-Дону, Нижний Новгород, Волгоград, Чита, Иркутск и т.д.</p>",,1,,THERMEX Trend 6000 с доставкой на uralenergotel.ru,THERMEX Trend 6000 по низким ценам у официального дилера завода ТД УЭТ,thermex_trend_6000,уточняйте у менеджера,Доставка со склада в Москве,Thermex,Trend,Trend 6000,Водонагреватели,211 024,THERMEX,спираль,Trend,нержавеющая сталь,230,27,белый,,7090,проточный,6000,,электронное,3.4,2.5,4,G1/2,универсальное,0.08,несколько,IP25,1,да,да,,да,,,157,90,190,1.4,178,110,220,1.7,Китай,24,шт,20,11x22x17.8,https://shop.thermex.ru/upload/iblock/46d/tmyl1icr85hgfy0so9dnm4iv83yhaa0z.png
THERMEX Hotty 3000,211 027,RUB,2744.229,0,1,,"<p>Купить name из наличия в ТД УЭТ. Доставка со склада в Екатеринбурге во все города России. Цена на name актуальна. Для заказа и уточнения дополнительных скидок отправьте запрос по e-mail: sale@uralenergotel.ru. Для постоянных клиентов предусмотрены специальные цены.&nbsp;<br><br>С полным ассортиментом вы можете ознакомиться перейдя по ссылке: Thermename. Также вы можете воспользоваться боковым меню справа и выбрать необходимые для вас характеристики, либо подобрать аналогичные товары из наличия у нас на сайте.&nbsp;<br><br>ТД УЭТ является официальным дилером компании «Thermename» в Екатеринбурге. Поставим name напрямую со склада в города России: Москва, Санкт-Петербург, Казань, Самара, Екатеринбург, Челябинск, Уфа, Тюмень, Краснодар, Новосибирск, Пермь, Сургут, Омск, Красноярск, Ростов-на-Дону, Нижний Новгород, Волгоград, Чита, Иркутск и т.д.</p>",,1,,THERMEX Hotty 3000 с доставкой на uralenergotel.ru,THERMEX Hotty 3000 по низким ценам у официального дилера завода ТД УЭТ,thermex_hotty_3000,уточняйте у менеджера,Доставка со склада в Москве,Thermex,Hotty,Hotty 3000,Водонагреватели,211 027,THERMEX,ТЭН,Hotty,нержавеющая сталь,230,13,белый,,3190,проточный,3000,,механическое,1.7,1.2,1.5,G1/2,над раковиной,0.04,одна,IP24,1,да,да,,да,,,360,205,95,1,248,108,250,1.3,Китай,24,шт,20,10.8x25x24.8,https://shop.thermex.ru/upload/iblock/76e/cwildjjnh82cis3iibqp5cmwir3e25a2.png
THERMEX Chief 7000,211 025,RUB,9049.739,0,1,,"<p>Купить name из наличия в ТД УЭТ. Доставка со склада в Екатеринбурге во все города России. Цена на name актуальна. Для заказа и уточнения дополнительных скидок отправьте запрос по e-mail: sale@uralenergotel.ru. Для постоянных клиентов предусмотрены специальные цены.&nbsp;<br><br>С полным ассортиментом вы можете ознакомиться перейдя по ссылке: Thermename. Также вы можете воспользоваться боковым меню справа и выбрать необходимые для вас характеристики, либо подобрать аналогичные товары из наличия у нас на сайте.&nbsp;<br><br>ТД УЭТ является официальным дилером компании «Thermename» в Екатеринбурге. Поставим name напрямую со склада в города России: Москва, Санкт-Петербург, Казань, Самара, Екатеринбург, Челябинск, Уфа, Тюмень, Краснодар, Новосибирск, Пермь, Сургут, Омск, Красноярск, Ростов-на-Дону, Нижний Новгород, Волгоград, Чита, Иркутск и т.д.</p>",,1,,THERMEX Chief 7000 с доставкой на uralenergotel.ru,THERMEX Chief 7000 по низким ценам у официального дилера завода ТД УЭТ,thermex_chief_7000,уточняйте у менеджера,Доставка со склада в Москве,Thermex,Chief,Chief 7000,Водонагреватели,211 025,THERMEX,ТЭН,Chief,медь,230,32,шоколадный,,14890,проточный,7000,,электронное,4,2.9,4,G1/2,над раковиной,0.05,несколько,IP25,1,да,да,,да,,,420,90,235,2.7,495,125,260,4,Китай,24,шт,20,12.5x26x49.5,https://shop.thermex.ru/upload/iblock/850/te6xa6d0sxl3leeacpbegg8ec8j373zq.png
EDISSON Viva 3500,221 001,RUB,1678.509,0,1,,"<p>Купить name из наличия в ТД УЭТ. Доставка со склада в Екатеринбурге во все города России. Цена на name актуальна. Для заказа и уточнения дополнительных скидок отправьте запрос по e-mail: sale@uralenergotel.ru. Для постоянных клиентов предусмотрены специальные цены.&nbsp;<br><br>С полным ассортиментом вы можете ознакомиться перейдя по ссылке: Thermename. Также вы можете воспользоваться боковым меню справа и выбрать необходимые для вас характеристики, либо подобрать аналогичные товары из наличия у нас на сайте.&nbsp;<br><br>ТД УЭТ является официальным дилером компании «Thermename» в Екатеринбурге. Поставим name напрямую со склада в города России: Москва, Санкт-Петербург, Казань, Самара, Екатеринбург, Челябинск, Уфа, Тюмень, Краснодар, Новосибирск, Пермь, Сургут, Омск, Красноярск, Ростов-на-Дону, Нижний Новгород, Волгоград, Чита, Иркутск и т.д.</p>",,1,,EDISSON Viva 3500 с доставкой на uralenergotel.ru,EDISSON Viva 3500 по низким ценам у официального дилера завода ТД УЭТ,edisson_viva_3500,уточняйте у менеджера,Доставка со склада в Москве,Thermex,Viva,EDISSON Viva 3500,Водонагреватели,221 001,EDISSON,ТЭН,Viva,медь,,,,,1730,проточный,,,механическое,2,1.4,1.5,1/2,над раковиной,0.1,одна,IPX4,1,да,да,,нет,нет,,154,112,248,1.4,200,125,265,1.52,Китай,12,шт,20,12.5x26.5x20,https://shop.thermex.ru/upload/iblock/5ef/6y6a59oh9ygln17b7b6jzk90midgf5ta.png
EDISSON Viva 6500,221 003,RUB,1856.129,0,1,,"<p>Купить name из наличия в ТД УЭТ. Доставка со склада в Екатеринбурге во все города России. Цена на name актуальна. Для заказа и уточнения дополнительных скидок отправьте запрос по e-mail: sale@uralenergotel.ru. Для постоянных клиентов предусмотрены специальные цены.&nbsp;<br><br>С полным ассортиментом вы можете ознакомиться перейдя по ссылке: Thermename. Также вы можете воспользоваться боковым меню справа и выбрать необходимые для вас характеристики, либо подобрать аналогичные товары из наличия у нас на сайте.&nbsp;<br><br>ТД УЭТ является официальным дилером компании «Thermename» в Екатеринбурге. Поставим name напрямую со склада в города России: Москва, Санкт-Петербург, Казань, Самара, Екатеринбург, Челябинск, Уфа, Тюмень, Краснодар, Новосибирск, Пермь, Сургут, Омск, Красноярск, Ростов-на-Дону, Нижний Новгород, Волгоград, Чита, Иркутск и т.д.</p>",,1,,EDISSON Viva 6500 с доставкой на uralenergotel.ru,EDISSON Viva 6500 по низким ценам у официального дилера завода ТД УЭТ,edisson_viva_6500,уточняйте у менеджера,Доставка со склада в Москве,Thermex,Viva,EDISSON Viva 6500,Водонагреватели,221 003,EDISSON,ТЭН,Viva,медь,,,,,1990,проточный,,,механическое,3.7,2.6,4,1/2,над раковиной,0.1,одна,IPX4,1,да,да,,нет,да,,154,112,248,1.4,200,125,265,1.52,Китай,12,шт,20,12.5x26.5x20,https://shop.thermex.ru/upload/iblock/200/wb5a116v70omg8gwxci11k64sg5x6hx7.png
ETALON Plus 4500,226 001,RUB,2388.989,0,1,,"<p>Купить name из наличия в ТД УЭТ. Доставка со склада в Екатеринбурге во все города России. Цена на name актуальна. Для заказа и уточнения дополнительных скидок отправьте запрос по e-mail: sale@uralenergotel.ru. Для постоянных клиентов предусмотрены специальные цены.&nbsp;<br><br>С полным ассортиментом вы можете ознакомиться перейдя по ссылке: Thermename. Также вы можете воспользоваться боковым меню справа и выбрать необходимые для вас характеристики, либо подобрать аналогичные товары из наличия у нас на сайте.&nbsp;<br><br>ТД УЭТ является официальным дилером компании «Thermename» в Екатеринбурге. Поставим name напрямую со склада в города России: Москва, Санкт-Петербург, Казань, Самара, Екатеринбург, Челябинск, Уфа, Тюмень, Краснодар, Новосибирск, Пермь, Сургут, Омск, Красноярск, Ростов-на-Дону, Нижний Новгород, Волгоград, Чита, Иркутск и т.д.</p>",,1,,ETALON Plus 4500 с доставкой на uralenergotel.ru,ETALON Plus 4500 по низким ценам у официального дилера завода ТД УЭТ,etalon_plus_4500,уточняйте у менеджера,Доставка со склада в Москве,Thermex,Plus,ETALON Plus 4500,Водонагреватели,226 001,ETALON,спираль,Plus,нержавеющая сталь,230,21,,,4490,проточный,4500,,гидравлическое,2.6,1.8,2.5,G1/2,универсальное,0.06,несколько,IP24,1,да,да,,,,,180,68,130,0.9,240,85,145,1.1,Китай,24,шт,20,8.5x14.5x24,https://shop.thermex.ru/upload/iblock/3e2/rbsi57cv43pvoxmnobc75yxtug8ip7tn.png
THERMEX Jam 3000,211 028,RUB,3987.569,0,1,,"<p>Купить name из наличия в ТД УЭТ. Доставка со склада в Екатеринбурге во все города России. Цена на name актуальна. Для заказа и уточнения дополнительных скидок отправьте запрос по e-mail: sale@uralenergotel.ru. Для постоянных клиентов предусмотрены специальные цены.&nbsp;<br><br>С полным ассортиментом вы можете ознакомиться перейдя по ссылке: Thermename. Также вы можете воспользоваться боковым меню справа и выбрать необходимые для вас характеристики, либо подобрать аналогичные товары из наличия у нас на сайте.&nbsp;<br><br>ТД УЭТ является официальным дилером компании «Thermename» в Екатеринбурге. Поставим name напрямую со склада в города России: Москва, Санкт-Петербург, Казань, Самара, Екатеринбург, Челябинск, Уфа, Тюмень, Краснодар, Новосибирск, Пермь, Сургут, Омск, Красноярск, Ростов-на-Дону, Нижний Новгород, Волгоград, Чита, Иркутск и т.д.</p>",,1,,THERMEX Jam 3000 с доставкой на uralenergotel.ru,THERMEX Jam 3000 по низким ценам у официального дилера завода ТД УЭТ,thermex_jam_3000,уточняйте у менеджера,Доставка со склада в Москве,Thermex,Jam,Jam 3000,Водонагреватели,211 028,THERMEX,ТЭН,Jam,нержавеющая сталь,230,13,серебристый,,4590,проточный,3000,,механическое,1.7,1.2,1.5,G1/2,над раковиной,0.04,одна,IP24,1,да,да,,да,,,440,59,224,1.3,463,92,272,1.8,Китай,24,шт,20,9.2x27.2x46.3,https://shop.thermex.ru/upload/iblock/d48/x5b7qdvk0qq8vf367b0rmlypfv6z1b5o.png
THERMEX Trend 4500,211 029,RUB,7007.109,0,1,,"<p>Купить name из наличия в ТД УЭТ. Доставка со склада в Екатеринбурге во все города России. Цена на name актуальна. Для заказа и уточнения дополнительных скидок отправьте запрос по e-mail: sale@uralenergotel.ru. Для постоянных клиентов предусмотрены специальные цены.&nbsp;<br><br>С полным ассортиментом вы можете ознакомиться перейдя по ссылке: Thermename. Также вы можете воспользоваться боковым меню справа и выбрать необходимые для вас характеристики, либо подобрать аналогичные товары из наличия у нас на сайте.&nbsp;<br><br>ТД УЭТ является официальным дилером компании «Thermename» в Екатеринбурге. Поставим name напрямую со склада в города России: Москва, Санкт-Петербург, Казань, Самара, Екатеринбург, Челябинск, Уфа, Тюмень, Краснодар, Новосибирск, Пермь, Сургут, Омск, Красноярск, Ростов-на-Дону, Нижний Новгород, Волгоград, Чита, Иркутск и т.д.</p>",,1,,THERMEX Trend 4500 с доставкой на uralenergotel.ru,THERMEX Trend 4500 по низким ценам у официального дилера завода ТД УЭТ,thermex_trend_4500,уточняйте у менеджера,Доставка со склада в Москве,Thermex,Trend,Trend 4500,Водонагреватели,211 029,THERMEX,спираль,Trend,нержавеющая сталь,230,21,белый,,6790,проточный,4500,,электронное,2.6,1.8,2.5,G1/2,универсальное,0.07,несколько,IP25,1,да,да,,да,,,157,90,190,1.4,178,110,220,1.7,Китай,24,шт,20,11x22x17.8,https://shop.thermex.ru/upload/iblock/df7/3zlsyrajzke6zgorpf91t5b03konbbrl.png
THERMEX Balance 4500,211 030,RUB,4964.479,0,1,,"<p>Купить name из наличия в ТД УЭТ. Доставка со склада в Екатеринбурге во все города России. Цена на name актуальна. Для заказа и уточнения дополнительных скидок отправьте запрос по e-mail: sale@uralenergotel.ru. Для постоянных клиентов предусмотрены специальные цены.&nbsp;<br><br>С полным ассортиментом вы можете ознакомиться перейдя по ссылке: Thermename. Также вы можете воспользоваться боковым меню справа и выбрать необходимые для вас характеристики, либо подобрать аналогичные товары из наличия у нас на сайте.&nbsp;<br><br>ТД УЭТ является официальным дилером компании «Thermename» в Екатеринбурге. Поставим name напрямую со склада в города России: Москва, Санкт-Петербург, Казань, Самара, Екатеринбург, Челябинск, Уфа, Тюмень, Краснодар, Новосибирск, Пермь, Сургут, Омск, Красноярск, Ростов-на-Дону, Нижний Новгород, Волгоград, Чита, Иркутск и т.д.</p>",,1,,THERMEX Balance 4500 с доставкой на uralenergotel.ru,THERMEX Balance 4500 по низким ценам у официального дилера завода ТД УЭТ,thermex_balance_4500,уточняйте у менеджера,Доставка со склада в Москве,Thermex,Balance,Balance 4500,Водонагреватели,211 030,THERMEX,спираль,Balance,нержавеющая сталь,230,21,белый,,5090,проточный,4500,,гидравлическое,2.6,1.8,2.5,G1/2,универсальное,0.07,несколько,IP25,1,да,да,,нет,,,157,90,190,1.4,178,110,220,1.7,Китай,24,шт,20,11x22x17.8,https://shop.thermex.ru/upload/iblock/48e/6cq3oi4i3qz8ldl4c4y72ge1l0b2blmw.png
THERMEX Balance 6000,211 031,RUB,5408.529,0,1,,"<p>Купить name из наличия в ТД УЭТ. Доставка со склада в Екатеринбурге во все города России. Цена на name актуальна. Для заказа и уточнения дополнительных скидок отправьте запрос по e-mail: sale@uralenergotel.ru. Для постоянных клиентов предусмотрены специальные цены.&nbsp;<br><br>С полным ассортиментом вы можете ознакомиться перейдя по ссылке: Thermename. Также вы можете воспользоваться боковым меню справа и выбрать необходимые для вас характеристики, либо подобрать аналогичные товары из наличия у нас на сайте.&nbsp;<br><br>ТД УЭТ является официальным дилером компании «Thermename» в Екатеринбурге. Поставим name напрямую со склада в города России: Москва, Санкт-Петербург, Казань, Самара, Екатеринбург, Челябинск, Уфа, Тюмень, Краснодар, Новосибирск, Пермь, Сургут, Омск, Красноярск, Ростов-на-Дону, Нижний Новгород, Волгоград, Чита, Иркутск и т.д.</p>",,1,,THERMEX Balance 6000 с доставкой на uralenergotel.ru,THERMEX Balance 6000 по низким ценам у официального дилера завода ТД УЭТ,thermex_balance_6000,уточняйте у менеджера,Доставка со склада в Москве,Thermex,Balance,Balance 6000,Водонагреватели,211 031,THERMEX,спираль,Balance,нержавеющая сталь,230,27,белый,,5190,проточный,6000,,гидравлическое,3.4,2.5,4,G1/2,универсальное,0.08,несколько,IP25,1,да,да,,,,,157,90,190,1.4,178,110,220,1.7,Китай,24,шт,20,11x22x17.8,https://shop.thermex.ru/upload/iblock/371/s0epjxo38ldkqsgpzs67bik89s1kfwz4.png
THERMEX Yoga 3000,211 032,RUB,1944.9389999999999,0,1,,"<p>Купить name из наличия в ТД УЭТ. Доставка со склада в Екатеринбурге во все города России. Цена на name актуальна. Для заказа и уточнения дополнительных скидок отправьте запрос по e-mail: sale@uralenergotel.ru. Для постоянных клиентов предусмотрены специальные цены.&nbsp;<br><br>С полным ассортиментом вы можете ознакомиться перейдя по ссылке: Thermename. Также вы можете воспользоваться боковым меню справа и выбрать необходимые для вас характеристики, либо подобрать аналогичные товары из наличия у нас на сайте.&nbsp;<br><br>ТД УЭТ является официальным дилером компании «Thermename» в Екатеринбурге. Поставим name напрямую со склада в города России: Москва, Санкт-Петербург, Казань, Самара, Екатеринбург, Челябинск, Уфа, Тюмень, Краснодар, Новосибирск, Пермь, Сургут, Омск, Красноярск, Ростов-на-Дону, Нижний Новгород, Волгоград, Чита, Иркутск и т.д.</p>",,1,,THERMEX Yoga 3000 с доставкой на uralenergotel.ru,THERMEX Yoga 3000 по низким ценам у официального дилера завода ТД УЭТ,thermex_yoga_3000,уточняйте у менеджера,Доставка со склада в Москве,Thermex,Yoga,Yoga 3000,Водонагреватели,211 032,THERMEX,ТЭН,Yoga,нержавеющая сталь,230,13,белый,,3690,проточный,3000,,механическое,1.7,1.2,1.5,G1/2,над раковиной,0.04,одна,IP24,1,да,да,,,,,360,205,95,1,248,108,250,1.3,Китай,24,шт,20,10.8x25x24.8,https://shop.thermex.ru/upload/iblock/ae7/l321ku4ym27x824ln3ihsztwgv2p0vqv.png
EDISSON Mini 3000,221 007,RUB,1412.0790000000002,0,1,,"<p>Купить name из наличия в ТД УЭТ. Доставка со склада в Екатеринбурге во все города России. Цена на name актуальна. Для заказа и уточнения дополнительных скидок отправьте запрос по e-mail: sale@uralenergotel.ru. Для постоянных клиентов предусмотрены специальные цены.&nbsp;<br><br>С полным ассортиментом вы можете ознакомиться перейдя по ссылке: Thermename. Также вы можете воспользоваться боковым меню справа и выбрать необходимые для вас характеристики, либо подобрать аналогичные товары из наличия у нас на сайте.&nbsp;<br><br>ТД УЭТ является официальным дилером компании «Thermename» в Екатеринбурге. Поставим name напрямую со склада в города России: Москва, Санкт-Петербург, Казань, Самара, Екатеринбург, Челябинск, Уфа, Тюмень, Краснодар, Новосибирск, Пермь, Сургут, Омск, Красноярск, Ростов-на-Дону, Нижний Новгород, Волгоград, Чита, Иркутск и т.д.</p>",,1,,EDISSON Mini 3000 с доставкой на uralenergotel.ru,EDISSON Mini 3000 по низким ценам у официального дилера завода ТД УЭТ,edisson_mini_3000,уточняйте у менеджера,Доставка со склада в Москве,Thermex,Mini,EDISSON Mini 3000,Водонагреватели,221 007,EDISSON,ТЭН,Mini,нержавеющая сталь,230,13,белый,,2290,проточный,3000,,механическое,1.2,1.7,1.5,G1/2,над раковиной,0.04,одна,IP24,1,да,да,,,,,360,205,95,1,248,108,250,1.3,Китай,12,шт,20,10.8x25x24.8,https://shop.thermex.ru/upload/iblock/687/y94rchaakwupvmch2cgw3naw6fn7nspd.png
THERMEX Focus 3000,211 033,RUB,2921.849,0,1,,"<p>Купить name из наличия в ТД УЭТ. Доставка со склада в Екатеринбурге во все города России. Цена на name актуальна. Для заказа и уточнения дополнительных скидок отправьте запрос по e-mail: sale@uralenergotel.ru. Для постоянных клиентов предусмотрены специальные цены.&nbsp;<br><br>С полным ассортиментом вы можете ознакомиться перейдя по ссылке: Thermename. Также вы можете воспользоваться боковым меню справа и выбрать необходимые для вас характеристики, либо подобрать аналогичные товары из наличия у нас на сайте.&nbsp;<br><br>ТД УЭТ является официальным дилером компании «Thermename» в Екатеринбурге. Поставим name напрямую со склада в города России: Москва, Санкт-Петербург, Казань, Самара, Екатеринбург, Челябинск, Уфа, Тюмень, Краснодар, Новосибирск, Пермь, Сургут, Омск, Красноярск, Ростов-на-Дону, Нижний Новгород, Волгоград, Чита, Иркутск и т.д.</p>",,1,,THERMEX Focus 3000 с доставкой на uralenergotel.ru,THERMEX Focus 3000 по низким ценам у официального дилера завода ТД УЭТ,thermex_focus_3000,уточняйте у менеджера,Доставка со склада в Москве,Thermex,FOCUS,Focus 3000,Водонагреватели,211 033,THERMEX,ТЭН,FOCUS,нержавеющая сталь,230,13,белый,,2990,проточный,3000,,механическое,1.7,1.2,1.5,G1/2,над раковиной,0.04,одна,IP24,1,да,да,,да,да,,370,55,290,1.1,260,120,315,1.3,Китай,24,шт,20,12x31.5x26,https://shop.thermex.ru/upload/iblock/8e1/lukwztw2to3iuzw2380hle8xde8dgjwd.png
THERMEX Ruby 3000,211 034,RUB,3454.709,0,1,,"<p>Купить name из наличия в ТД УЭТ. Доставка со склада в Екатеринбурге во все города России. Цена на name актуальна. Для заказа и уточнения дополнительных скидок отправьте запрос по e-mail: sale@uralenergotel.ru. Для постоянных клиентов предусмотрены специальные цены.&nbsp;<br><br>С полным ассортиментом вы можете ознакомиться перейдя по ссылке: Thermename. Также вы можете воспользоваться боковым меню справа и выбрать необходимые для вас характеристики, либо подобрать аналогичные товары из наличия у нас на сайте.&nbsp;<br><br>ТД УЭТ является официальным дилером компании «Thermename» в Екатеринбурге. Поставим name напрямую со склада в города России: Москва, Санкт-Петербург, Казань, Самара, Екатеринбург, Челябинск, Уфа, Тюмень, Краснодар, Новосибирск, Пермь, Сургут, Омск, Красноярск, Ростов-на-Дону, Нижний Новгород, Волгоград, Чита, Иркутск и т.д.</p>",,1,,THERMEX Ruby 3000 с доставкой на uralenergotel.ru,THERMEX Ruby 3000 по низким ценам у официального дилера завода ТД УЭТ,thermex_ruby_3000,уточняйте у менеджера,Доставка со склада в Москве,Thermex,RUBY,Ruby 3000,Водонагреватели,211 034,THERMEX,ТЭН,RUBY,нержавеющая сталь,230,13,серебристый,,6190,проточный,3000,,механическое,1.8,1.2,1.5,G1/2,над раковиной,0.04,одна,IP24,1,да,да,,да,нет,,370,54,104,1.3,450,85,250,1.5,Китай,24,шт,20,8.5x25x45,https://shop.thermex.ru/upload/iblock/2e1/4uvw41d3uley43ti4y6hp9wxdrlbuh6e.png
THERMEX Artflow 6000,211 035,RUB,4698.049,0,1,,"<p>Купить name из наличия в ТД УЭТ. Доставка со склада в Екатеринбурге во все города России. Цена на name актуальна. Для заказа и уточнения дополнительных скидок отправьте запрос по e-mail: sale@uralenergotel.ru. Для постоянных клиентов предусмотрены специальные цены.&nbsp;<br><br>С полным ассортиментом вы можете ознакомиться перейдя по ссылке: Thermename. Также вы можете воспользоваться боковым меню справа и выбрать необходимые для вас характеристики, либо подобрать аналогичные товары из наличия у нас на сайте.&nbsp;<br><br>ТД УЭТ является официальным дилером компании «Thermename» в Екатеринбурге. Поставим name напрямую со склада в города России: Москва, Санкт-Петербург, Казань, Самара, Екатеринбург, Челябинск, Уфа, Тюмень, Краснодар, Новосибирск, Пермь, Сургут, Омск, Красноярск, Ростов-на-Дону, Нижний Новгород, Волгоград, Чита, Иркутск и т.д.</p>",,1,,THERMEX Artflow 6000 с доставкой на uralenergotel.ru,THERMEX Artflow 6000 по низким ценам у официального дилера завода ТД УЭТ,thermex_artflow_6000,уточняйте у менеджера,Доставка со склада в Москве,Thermex,Artflow,Artflow 6000,Водонагреватели,211 035,THERMEX,ТЭН,Artflow,медь,230/380,,белый,,5290,проточный,6000,,механическое,3.3,2.3,,G1/2,горизонтальное,0.05,несколько,IP24,1,да,да,,,,,150,103,272,2.4,170,117,282,2.5,Китай,24,шт,20,11.7x28.2x17,https://shop.thermex.ru/upload/iblock/203/f5hkqdrmt6vln3evojy0dm68oj4m44h0.png
THERMEX Artflow 8000,211 036,RUB,5053.289,0,1,,"<p>Купить name из наличия в ТД УЭТ. Доставка со склада в Екатеринбурге во все города России. Цена на name актуальна. Для заказа и уточнения дополнительных скидок отправьте запрос по e-mail: sale@uralenergotel.ru. Для постоянных клиентов предусмотрены специальные цены.&nbsp;<br><br>С полным ассортиментом вы можете ознакомиться перейдя по ссылке: Thermename. Также вы можете воспользоваться боковым меню справа и выбрать необходимые для вас характеристики, либо подобрать аналогичные товары из наличия у нас на сайте.&nbsp;<br><br>ТД УЭТ является официальным дилером компании «Thermename» в Екатеринбурге. Поставим name напрямую со склада в города России: Москва, Санкт-Петербург, Казань, Самара, Екатеринбург, Челябинск, Уфа, Тюмень, Краснодар, Новосибирск, Пермь, Сургут, Омск, Красноярск, Ростов-на-Дону, Нижний Новгород, Волгоград, Чита, Иркутск и т.д.</p>",,1,,THERMEX Artflow 8000 с доставкой на uralenergotel.ru,THERMEX Artflow 8000 по низким ценам у официального дилера завода ТД УЭТ,thermex_artflow_8000,уточняйте у менеджера,Доставка со склада в Москве,Thermex,Artflow,Artflow 8000,Водонагреватели,211 036,THERMEX,спираль,Artflow,медь,230/380,,белый,,5690,проточный,8000,,механическое,4.5,3.2,,G1/2,горизонтальное,0.05,несколько,IP24,1,да,да,,да,,,150,103,272,2.4,170,117,282,2.5,Китай,24,шт,20,11.7x28.2x17,https://shop.thermex.ru/upload/iblock/203/f5hkqdrmt6vln3evojy0dm68oj4m44h0.png
THERMEX Artflow 10500,211 037,RUB,6829.4890000000005,0,1,,"<p>Купить name из наличия в ТД УЭТ. Доставка со склада в Екатеринбурге во все города России. Цена на name актуальна. Для заказа и уточнения дополнительных скидок отправьте запрос по e-mail: sale@uralenergotel.ru. Для постоянных клиентов предусмотрены специальные цены.&nbsp;<br><br>С полным ассортиментом вы можете ознакомиться перейдя по ссылке: Thermename. Также вы можете воспользоваться боковым меню справа и выбрать необходимые для вас характеристики, либо подобрать аналогичные товары из наличия у нас на сайте.&nbsp;<br><br>ТД УЭТ является официальным дилером компании «Thermename» в Екатеринбурге. Поставим name напрямую со склада в города России: Москва, Санкт-Петербург, Казань, Самара, Екатеринбург, Челябинск, Уфа, Тюмень, Краснодар, Новосибирск, Пермь, Сургут, Омск, Красноярск, Ростов-на-Дону, Нижний Новгород, Волгоград, Чита, Иркутск и т.д.</p>",,1,,THERMEX Artflow 10500 с доставкой на uralenergotel.ru,THERMEX Artflow 10500 по низким ценам у официального дилера завода ТД УЭТ,thermex_artflow_10500,уточняйте у менеджера,Доставка со склада в Москве,Thermex,Artflow,Artflow 10500,Водонагреватели,211 037,THERMEX,спираль,Artflow,медь,230/380,,белый,,7690,проточный,10500,,механическое,6,4.2,,G1/2,горизонтальное,0.05,несколько,IP24,1,да,да,,нет,,,150,103,272,2.4,170,117,282,2.5,Китай,24,шт,20,11.7x28.2x17,https://shop.thermex.ru/upload/iblock/203/f5hkqdrmt6vln3evojy0dm68oj4m44h0.png
THERMEX Urban 5500 shower,211 048,RUB,2655.419,0,1,,"<p>Купить name из наличия в ТД УЭТ. Доставка со склада в Екатеринбурге во все города России. Цена на name актуальна. Для заказа и уточнения дополнительных скидок отправьте запрос по e-mail: sale@uralenergotel.ru. Для постоянных клиентов предусмотрены специальные цены.&nbsp;<br><br>С полным ассортиментом вы можете ознакомиться перейдя по ссылке: Thermename. Также вы можете воспользоваться боковым меню справа и выбрать необходимые для вас характеристики, либо подобрать аналогичные товары из наличия у нас на сайте.&nbsp;<br><br>ТД УЭТ является официальным дилером компании «Thermename» в Екатеринбурге. Поставим name напрямую со склада в города России: Москва, Санкт-Петербург, Казань, Самара, Екатеринбург, Челябинск, Уфа, Тюмень, Краснодар, Новосибирск, Пермь, Сургут, Омск, Красноярск, Ростов-на-Дону, Нижний Новгород, Волгоград, Чита, Иркутск и т.д.</p>",,1,,THERMEX Urban 5500 shower с доставкой на uralenergotel.ru,THERMEX Urban 5500 shower по низким ценам у официального дилера завода ТД УЭТ,thermex_urban_5500_shower,уточняйте у менеджера,Доставка со склада в Москве,Thermex,Urban,Urban 5500 shower,Водонагреватели,211 048,THERMEX,спираль,Urban,медь,230,,белый,,4290,проточный,5500,,механическое,3,2.2,2.5,G1/2,над раковиной,0.03,одна,IPX4,1,да,да,,нет,да,,173,103,272,1.3,237,117,282,1.4,Китай,24,шт,20,11.7x28.2x23.7,https://shop.thermex.ru/upload/iblock/836/3yquc3bxu1mxu0b0tnnuanzogmlcxcym.png
THERMEX Urban 3500 tap,211 044,RUB,2566.609,0,1,,"<p>Купить name из наличия в ТД УЭТ. Доставка со склада в Екатеринбурге во все города России. Цена на name актуальна. Для заказа и уточнения дополнительных скидок отправьте запрос по e-mail: sale@uralenergotel.ru. Для постоянных клиентов предусмотрены специальные цены.&nbsp;<br><br>С полным ассортиментом вы можете ознакомиться перейдя по ссылке: Thermename. Также вы можете воспользоваться боковым меню справа и выбрать необходимые для вас характеристики, либо подобрать аналогичные товары из наличия у нас на сайте.&nbsp;<br><br>ТД УЭТ является официальным дилером компании «Thermename» в Екатеринбурге. Поставим name напрямую со склада в города России: Москва, Санкт-Петербург, Казань, Самара, Екатеринбург, Челябинск, Уфа, Тюмень, Краснодар, Новосибирск, Пермь, Сургут, Омск, Красноярск, Ростов-на-Дону, Нижний Новгород, Волгоград, Чита, Иркутск и т.д.</p>",,1,,THERMEX Urban 3500 tap с доставкой на uralenergotel.ru,THERMEX Urban 3500 tap по низким ценам у официального дилера завода ТД УЭТ,thermex_urban_3500_tap,уточняйте у менеджера,Доставка со склада в Москве,Thermex,Urban,Urban 3500 tap,,211 044,THERMEX,спираль,Urban,медь,230,,белый,,4190,проточный,3500,,механическое,2,1.3,,,,,одна,,1,да,да,,,,,173,103,272,1.2,237,117,282,1.35,,24,шт,20,11.7x28.2x23.7,https://shop.thermex.ru/upload/iblock/836/3yquc3bxu1mxu0b0tnnuanzogmlcxcym.png
THERMEX Urban 3500 shower,211 045,RUB,2566.609,0,1,,"<p>Купить name из наличия в ТД УЭТ. Доставка со склада в Екатеринбурге во все города России. Цена на name актуальна. Для заказа и уточнения дополнительных скидок отправьте запрос по e-mail: sale@uralenergotel.ru. Для постоянных клиентов предусмотрены специальные цены.&nbsp;<br><br>С полным ассортиментом вы можете ознакомиться перейдя по ссылке: Thermename. Также вы можете воспользоваться боковым меню справа и выбрать необходимые для вас характеристики, либо подобрать аналогичные товары из наличия у нас на сайте.&nbsp;<br><br>ТД УЭТ является официальным дилером компании «Thermename» в Екатеринбурге. Поставим name напрямую со склада в города России: Москва, Санкт-Петербург, Казань, Самара, Екатеринбург, Челябинск, Уфа, Тюмень, Краснодар, Новосибирск, Пермь, Сургут, Омск, Красноярск, Ростов-на-Дону, Нижний Новгород, Волгоград, Чита, Иркутск и т.д.</p>",,1,,THERMEX Urban 3500 shower с доставкой на uralenergotel.ru,THERMEX Urban 3500 shower по низким ценам у официального дилера завода ТД УЭТ,thermex_urban_3500_shower,уточняйте у менеджера,Доставка со склада в Москве,Thermex,Urban,Urban 3500 shower,Водонагреватели,211 045,THERMEX,спираль,Urban,медь,230,,белый,,4190,проточный,3500,,механическое,2,1.3,,G 1/2,,,одна,,1,да,да,,,да,,173,103,272,1.3,237,117,282,1.49,,24,шт,20,11.7x28.2x23.7,https://shop.thermex.ru/upload/iblock/836/3yquc3bxu1mxu0b0tnnuanzogmlcxcym.png
THERMEX Urban 3500 combi,211 046,RUB,2655.419,0,1,,"<p>Купить name из наличия в ТД УЭТ. Доставка со склада в Екатеринбурге во все города России. Цена на name актуальна. Для заказа и уточнения дополнительных скидок отправьте запрос по e-mail: sale@uralenergotel.ru. Для постоянных клиентов предусмотрены специальные цены.&nbsp;<br><br>С полным ассортиментом вы можете ознакомиться перейдя по ссылке: Thermename. Также вы можете воспользоваться боковым меню справа и выбрать необходимые для вас характеристики, либо подобрать аналогичные товары из наличия у нас на сайте.&nbsp;<br><br>ТД УЭТ является официальным дилером компании «Thermename» в Екатеринбурге. Поставим name напрямую со склада в города России: Москва, Санкт-Петербург, Казань, Самара, Екатеринбург, Челябинск, Уфа, Тюмень, Краснодар, Новосибирск, Пермь, Сургут, Омск, Красноярск, Ростов-на-Дону, Нижний Новгород, Волгоград, Чита, Иркутск и т.д.</p>",,1,,THERMEX Urban 3500 combi с доставкой на uralenergotel.ru,THERMEX Urban 3500 combi по низким ценам у официального дилера завода ТД УЭТ,thermex_urban_3500_combi,уточняйте у менеджера,Доставка со склада в Москве,Thermex,Urban,Urban 3500 combi,Водонагреватели,211 046,THERMEX,спираль,Urban,медь,230,,белый,,4490,проточный,3500,,механическое,2,1.3,,G 1/2,,,одна,,1,да,да,,,да,,173,103,272,1.5,237,117,282,1.6,,24,шт,20,11.7x28.2x23.7,https://shop.thermex.ru/upload/iblock/836/3yquc3bxu1mxu0b0tnnuanzogmlcxcym.png
THERMEX Urban 5500 tap,211 047,RUB,2655.419,0,1,,"<p>Купить name из наличия в ТД УЭТ. Доставка со склада в Екатеринбурге во все города России. Цена на name актуальна. Для заказа и уточнения дополнительных скидок отправьте запрос по e-mail: sale@uralenergotel.ru. Для постоянных клиентов предусмотрены специальные цены.&nbsp;<br><br>С полным ассортиментом вы можете ознакомиться перейдя по ссылке: Thermename. Также вы можете воспользоваться боковым меню справа и выбрать необходимые для вас характеристики, либо подобрать аналогичные товары из наличия у нас на сайте.&nbsp;<br><br>ТД УЭТ является официальным дилером компании «Thermename» в Екатеринбурге. Поставим name напрямую со склада в города России: Москва, Санкт-Петербург, Казань, Самара, Екатеринбург, Челябинск, Уфа, Тюмень, Краснодар, Новосибирск, Пермь, Сургут, Омск, Красноярск, Ростов-на-Дону, Нижний Новгород, Волгоград, Чита, Иркутск и т.д.</p>",,1,,THERMEX Urban 5500 tap с доставкой на uralenergotel.ru,THERMEX Urban 5500 tap по низким ценам у официального дилера завода ТД УЭТ,thermex_urban_5500_tap,уточняйте у менеджера,Доставка со склада в Москве,Thermex,Urban,Urban 5500 tap,,211 047,THERMEX,спираль,Urban,медь,230,,белый,,4290,проточный,5500,,механическое,3,2.2,,G 1/2,,,одна,,1,да,да,,,,,173,103,272,1.2,237,117,282,1.35,,24,шт,20,11.7x28.2x23.7,https://shop.thermex.ru/upload/iblock/836/3yquc3bxu1mxu0b0tnnuanzogmlcxcym.png
THERMEX Urban 5500 combi,211 049,RUB,2744.229,0,1,,"<p>Купить name из наличия в ТД УЭТ. Доставка со склада в Екатеринбурге во все города России. Цена на name актуальна. Для заказа и уточнения дополнительных скидок отправьте запрос по e-mail: sale@uralenergotel.ru. Для постоянных клиентов предусмотрены специальные цены.&nbsp;<br><br>С полным ассортиментом вы можете ознакомиться перейдя по ссылке: Thermename. Также вы можете воспользоваться боковым меню справа и выбрать необходимые для вас характеристики, либо подобрать аналогичные товары из наличия у нас на сайте.&nbsp;<br><br>ТД УЭТ является официальным дилером компании «Thermename» в Екатеринбурге. Поставим name напрямую со склада в города России: Москва, Санкт-Петербург, Казань, Самара, Екатеринбург, Челябинск, Уфа, Тюмень, Краснодар, Новосибирск, Пермь, Сургут, Омск, Красноярск, Ростов-на-Дону, Нижний Новгород, Волгоград, Чита, Иркутск и т.д.</p>",,1,,THERMEX Urban 5500 combi с доставкой на uralenergotel.ru,THERMEX Urban 5500 combi по низким ценам у официального дилера завода ТД УЭТ,thermex_urban_5500_combi,уточняйте у менеджера,Доставка со склада в Москве,Thermex,Urban,Urban 5500 combi,Водонагреватели,211 049,THERMEX,спираль,Urban,медь,230,,белый,,4590,проточный,5500,,механическое,3,2.2,,G 1/2,,,одна,,1,да,да,,,да,,173,103,272,1.5,237,117,282,1.6,,24,шт,20,11.7x28.2x23.7,https://shop.thermex.ru/upload/iblock/836/3yquc3bxu1mxu0b0tnnuanzogmlcxcym.png
THERMEX Urban 6500 combi,211 050,RUB,2833.0389999999998,0,1,,"<p>Купить name из наличия в ТД УЭТ. Доставка со склада в Екатеринбурге во все города России. Цена на name актуальна. Для заказа и уточнения дополнительных скидок отправьте запрос по e-mail: sale@uralenergotel.ru. Для постоянных клиентов предусмотрены специальные цены.&nbsp;<br><br>С полным ассортиментом вы можете ознакомиться перейдя по ссылке: Thermename. Также вы можете воспользоваться боковым меню справа и выбрать необходимые для вас характеристики, либо подобрать аналогичные товары из наличия у нас на сайте.&nbsp;<br><br>ТД УЭТ является официальным дилером компании «Thermename» в Екатеринбурге. Поставим name напрямую со склада в города России: Москва, Санкт-Петербург, Казань, Самара, Екатеринбург, Челябинск, Уфа, Тюмень, Краснодар, Новосибирск, Пермь, Сургут, Омск, Красноярск, Ростов-на-Дону, Нижний Новгород, Волгоград, Чита, Иркутск и т.д.</p>",,1,,THERMEX Urban 6500 combi с доставкой на uralenergotel.ru,THERMEX Urban 6500 combi по низким ценам у официального дилера завода ТД УЭТ,thermex_urban_6500_combi,уточняйте у менеджера,Доставка со склада в Москве,Thermex,Urban,Urban 6500 combi,Водонагреватели,211 050,THERMEX,спираль,Urban,медь,230,,белый,,4690,проточный,6500,,механическое,3.7,2.6,,G 1/2,,,одна,,1,да,да,,,да,,173,103,272,1.5,237,117,282,1.6,,24,шт,20,11.7x28.2x23.7,https://shop.thermex.ru/upload/iblock/836/3yquc3bxu1mxu0b0tnnuanzogmlcxcym.png
THERMEX Onyx 6500,211 038,RUB,4698.049,0,1,,"<p>Купить name из наличия в ТД УЭТ. Доставка со склада в Екатеринбурге во все города России. Цена на name актуальна. Для заказа и уточнения дополнительных скидок отправьте запрос по e-mail: sale@uralenergotel.ru. Для постоянных клиентов предусмотрены специальные цены.&nbsp;<br><br>С полным ассортиментом вы можете ознакомиться перейдя по ссылке: Thermename. Также вы можете воспользоваться боковым меню справа и выбрать необходимые для вас характеристики, либо подобрать аналогичные товары из наличия у нас на сайте.&nbsp;<br><br>ТД УЭТ является официальным дилером компании «Thermename» в Екатеринбурге. Поставим name напрямую со склада в города России: Москва, Санкт-Петербург, Казань, Самара, Екатеринбург, Челябинск, Уфа, Тюмень, Краснодар, Новосибирск, Пермь, Сургут, Омск, Красноярск, Ростов-на-Дону, Нижний Новгород, Волгоград, Чита, Иркутск и т.д.</p>",,1,,THERMEX Onyx 6500 с доставкой на uralenergotel.ru,THERMEX Onyx 6500 по низким ценам у официального дилера завода ТД УЭТ,thermex_onyx_6500,уточняйте у менеджера,Доставка со склада в Москве,Thermex,Onyx,Onyx 6500,Водонагреватели,211 038,THERMEX,ТЭН,Onyx,медь,230,,чёрный,,5290,проточный,6500,,механическое,3.6,2.5,4,G1/2,универсальное,0.05,несколько,IP24,1,да,да,,,,,184,107,310,1.7,195,112,315,1.9,Китай,24,шт,20,11.2x31.5x19.5,https://shop.thermex.ru/upload/iblock/97c/dxy6rzpma7ug9mscfyuz7py1mvd3qcw5.png
THERMEX Onyx 8000,211 039,RUB,5053.289,0,1,,"<p>Купить name из наличия в ТД УЭТ. Доставка со склада в Екатеринбурге во все города России. Цена на name актуальна. Для заказа и уточнения дополнительных скидок отправьте запрос по e-mail: sale@uralenergotel.ru. Для постоянных клиентов предусмотрены специальные цены.&nbsp;<br><br>С полным ассортиментом вы можете ознакомиться перейдя по ссылке: Thermename. Также вы можете воспользоваться боковым меню справа и выбрать необходимые для вас характеристики, либо подобрать аналогичные товары из наличия у нас на сайте.&nbsp;<br><br>ТД УЭТ является официальным дилером компании «Thermename» в Екатеринбурге. Поставим name напрямую со склада в города России: Москва, Санкт-Петербург, Казань, Самара, Екатеринбург, Челябинск, Уфа, Тюмень, Краснодар, Новосибирск, Пермь, Сургут, Омск, Красноярск, Ростов-на-Дону, Нижний Новгород, Волгоград, Чита, Иркутск и т.д.</p>",,1,,THERMEX Onyx 8000 с доставкой на uralenergotel.ru,THERMEX Onyx 8000 по низким ценам у официального дилера завода ТД УЭТ,thermex_onyx_8000,уточняйте у менеджера,Доставка со склада в Москве,Thermex,Onyx,Onyx 8000,Водонагреватели,211 039,THERMEX,ТЭН,Onyx,медь,230,,чёрный,,5690,проточный,8000,,механическое,4.5,3.2,6,G1/2,универсальное,0.05,несколько,IP24,1,да,да,,,,,184,107,310,1.6,195,112,315,1.9,Китай,24,шт,20,11.2x31.5x19.5,https://shop.thermex.ru/upload/iblock/56b/ioew0p1yvv5cniog3glskqqaj1ii37kz.png
THERMEX Onyx 10000,211 040,RUB,6563.059,0,1,,"<p>Купить name из наличия в ТД УЭТ. Доставка со склада в Екатеринбурге во все города России. Цена на name актуальна. Для заказа и уточнения дополнительных скидок отправьте запрос по e-mail: sale@uralenergotel.ru. Для постоянных клиентов предусмотрены специальные цены.&nbsp;<br><br>С полным ассортиментом вы можете ознакомиться перейдя по ссылке: Thermename. Также вы можете воспользоваться боковым меню справа и выбрать необходимые для вас характеристики, либо подобрать аналогичные товары из наличия у нас на сайте.&nbsp;<br><br>ТД УЭТ является официальным дилером компании «Thermename» в Екатеринбурге. Поставим name напрямую со склада в города России: Москва, Санкт-Петербург, Казань, Самара, Екатеринбург, Челябинск, Уфа, Тюмень, Краснодар, Новосибирск, Пермь, Сургут, Омск, Красноярск, Ростов-на-Дону, Нижний Новгород, Волгоград, Чита, Иркутск и т.д.</p>",,1,,THERMEX Onyx 10000 с доставкой на uralenergotel.ru,THERMEX Onyx 10000 по низким ценам у официального дилера завода ТД УЭТ,thermex_onyx_10000,уточняйте у менеджера,Доставка со склада в Москве,Thermex,Onyx,Onyx 10000,Водонагреватели,211 040,THERMEX,ТЭН,Onyx,медь,230/380,,чёрный,,7690,проточный,10000,,механическое,5,3.6,2.5,G1/2,универсальное,0.05,несколько,IP24,1,да,да,,,,,184,107,310,1.6,184,107,310,1.6,Китай,24,шт,20,10.7x31x18.4,https://shop.thermex.ru/upload/iblock/4d2/epoj3zogu00xh6a67ksjjjy8cj47iu50.png
THERMEX Lanza 6500,211 043,RUB,2566.609,0,1,,"<p>Купить name из наличия в ТД УЭТ. Доставка со склада в Екатеринбурге во все города России. Цена на name актуальна. Для заказа и уточнения дополнительных скидок отправьте запрос по e-mail: sale@uralenergotel.ru. Для постоянных клиентов предусмотрены специальные цены.&nbsp;<br><br>С полным ассортиментом вы можете ознакомиться перейдя по ссылке: Thermename. Также вы можете воспользоваться боковым меню справа и выбрать необходимые для вас характеристики, либо подобрать аналогичные товары из наличия у нас на сайте.&nbsp;<br><br>ТД УЭТ является официальным дилером компании «Thermename» в Екатеринбурге. Поставим name напрямую со склада в города России: Москва, Санкт-Петербург, Казань, Самара, Екатеринбург, Челябинск, Уфа, Тюмень, Краснодар, Новосибирск, Пермь, Сургут, Омск, Красноярск, Ростов-на-Дону, Нижний Новгород, Волгоград, Чита, Иркутск и т.д.</p>",,1,,THERMEX Lanza 6500 с доставкой на uralenergotel.ru,THERMEX Lanza 6500 по низким ценам у официального дилера завода ТД УЭТ,thermex_lanza_6500,уточняйте у менеджера,Доставка со склада в Москве,Thermex,Lanza,Lanza 6500,,211 043,THERMEX,ТЭН,Lanza,медь,230,,"белый, красный",,,проточный,6500,,механическое,3.7,2.7,4,,горизонтальное,0.03,одна,IP24,1,,,,,да,,168,125,298,1.3,243,135,308,1.95,Китай,24,шт,20,13.5x30.8x24.3,https://shop.thermex.ru/upload/iblock/de9/u3hs0cbzb4bnelqhqzhhr9761boj6vv2.png
THERMEX Amber 3000,211 057,RUB,2388.989,0,1,,"<p>Купить name из наличия в ТД УЭТ. Доставка со склада в Екатеринбурге во все города России. Цена на name актуальна. Для заказа и уточнения дополнительных скидок отправьте запрос по e-mail: sale@uralenergotel.ru. Для постоянных клиентов предусмотрены специальные цены.&nbsp;<br><br>С полным ассортиментом вы можете ознакомиться перейдя по ссылке: Thermename. Также вы можете воспользоваться боковым меню справа и выбрать необходимые для вас характеристики, либо подобрать аналогичные товары из наличия у нас на сайте.&nbsp;<br><br>ТД УЭТ является официальным дилером компании «Thermename» в Екатеринбурге. Поставим name напрямую со склада в города России: Москва, Санкт-Петербург, Казань, Самара, Екатеринбург, Челябинск, Уфа, Тюмень, Краснодар, Новосибирск, Пермь, Сургут, Омск, Красноярск, Ростов-на-Дону, Нижний Новгород, Волгоград, Чита, Иркутск и т.д.</p>",,1,,THERMEX Amber 3000 с доставкой на uralenergotel.ru,THERMEX Amber 3000 по низким ценам у официального дилера завода ТД УЭТ,thermex_amber_3000,уточняйте у менеджера,Доставка со склада в Москве,Thermex,Amber,Amber 3000,Водонагреватели,211 057,THERMEX,ТЭН,Amber,нержавеющая сталь,230,13,золотой,,,проточный,3000,,механическое,2,1.8,1.5,G 1/2,над раковиной,0.04,одна,IP24,1,да,да,,да,,,350,180,100,1.4,260,120,315,1.5,Китай,24,шт,20,12x31.5x26,https://shop.thermex.ru/upload/iblock/a26/muihvl0uj4mryp6eq52jw5oqgeu083gq.png
THERMEX Hudson 7000,211 110,RUB,10115.458999999999,0,1,,"<p>Купить name из наличия в ТД УЭТ. Доставка со склада в Екатеринбурге во все города России. Цена на name актуальна. Для заказа и уточнения дополнительных скидок отправьте запрос по e-mail: sale@uralenergotel.ru. Для постоянных клиентов предусмотрены специальные цены.&nbsp;<br><br>С полным ассортиментом вы можете ознакомиться перейдя по ссылке: Thermename. Также вы можете воспользоваться боковым меню справа и выбрать необходимые для вас характеристики, либо подобрать аналогичные товары из наличия у нас на сайте.&nbsp;<br><br>ТД УЭТ является официальным дилером компании «Thermename» в Екатеринбурге. Поставим name напрямую со склада в города России: Москва, Санкт-Петербург, Казань, Самара, Екатеринбург, Челябинск, Уфа, Тюмень, Краснодар, Новосибирск, Пермь, Сургут, Омск, Красноярск, Ростов-на-Дону, Нижний Новгород, Волгоград, Чита, Иркутск и т.д.</p>",,1,,THERMEX Hudson 7000 с доставкой на uralenergotel.ru,THERMEX Hudson 7000 по низким ценам у официального дилера завода ТД УЭТ,thermex_hudson_7000,уточняйте у менеджера,Доставка со склада в Москве,Thermex,Hudson,Hudson 7000,Водонагреватели,211 110,THERMEX,ТЭН,Hudson,медь,230,32,состаренное серебро,,,проточный,7000,,электронное,4,2.9,4,G1/2,над раковиной,0.05,несколько,IP25,1,да,да,,да,,,414,87,230,2.6,445,120,263,3.2,Китай,24,шт,20,12x26.3x44.5,https://shop.thermex.ru/upload/iblock/d98/9s3fpoomk2r638r3i989rhw9o13g8b9s.png
THERMEX Hudson 8500,211 111,RUB,10825.939,0,1,,"<p>Купить name из наличия в ТД УЭТ. Доставка со склада в Екатеринбурге во все города России. Цена на name актуальна. Для заказа и уточнения дополнительных скидок отправьте запрос по e-mail: sale@uralenergotel.ru. Для постоянных клиентов предусмотрены специальные цены.&nbsp;<br><br>С полным ассортиментом вы можете ознакомиться перейдя по ссылке: Thermename. Также вы можете воспользоваться боковым меню справа и выбрать необходимые для вас характеристики, либо подобрать аналогичные товары из наличия у нас на сайте.&nbsp;<br><br>ТД УЭТ является официальным дилером компании «Thermename» в Екатеринбурге. Поставим name напрямую со склада в города России: Москва, Санкт-Петербург, Казань, Самара, Екатеринбург, Челябинск, Уфа, Тюмень, Краснодар, Новосибирск, Пермь, Сургут, Омск, Красноярск, Ростов-на-Дону, Нижний Новгород, Волгоград, Чита, Иркутск и т.д.</p>",,1,,THERMEX Hudson 8500 с доставкой на uralenergotel.ru,THERMEX Hudson 8500 по низким ценам у официального дилера завода ТД УЭТ,thermex_hudson_8500,уточняйте у менеджера,Доставка со склада в Москве,Thermex,Hudson,Hudson 8500,Водонагреватели,211 111,THERMEX,ТЭН,Hudson,медь,230,38,состаренное серебро,,,проточный,8500,,электронное,4.9,3.5,6,G1/2,над раковиной,0.05,несколько,IP25,1,да,да,,да,нет,,414,87,230,2.6,445,120,263,3.2,Китай,24,шт,20,12x26.3x44.5,https://shop.thermex.ru/upload/iblock/ec1/ctnfbnh7i643axey638uumzcfwicapy0.png
THERMEX Oscar 5500,211 212,RUB,3277.089,0,1,,"<p>Купить name из наличия в ТД УЭТ. Доставка со склада в Екатеринбурге во все города России. Цена на name актуальна. Для заказа и уточнения дополнительных скидок отправьте запрос по e-mail: sale@uralenergotel.ru. Для постоянных клиентов предусмотрены специальные цены.&nbsp;<br><br>С полным ассортиментом вы можете ознакомиться перейдя по ссылке: Thermename. Также вы можете воспользоваться боковым меню справа и выбрать необходимые для вас характеристики, либо подобрать аналогичные товары из наличия у нас на сайте.&nbsp;<br><br>ТД УЭТ является официальным дилером компании «Thermename» в Екатеринбурге. Поставим name напрямую со склада в города России: Москва, Санкт-Петербург, Казань, Самара, Екатеринбург, Челябинск, Уфа, Тюмень, Краснодар, Новосибирск, Пермь, Сургут, Омск, Красноярск, Ростов-на-Дону, Нижний Новгород, Волгоград, Чита, Иркутск и т.д.</p>",,1,,THERMEX Oscar 5500 с доставкой на uralenergotel.ru,THERMEX Oscar 5500 по низким ценам у официального дилера завода ТД УЭТ,thermex_oscar_5500,уточняйте у менеджера,Доставка со склада в Москве,Thermex,Oscar,Oscar 5500,Водонагреватели,211 212,THERMEX,ТЭН,Oscar,медь,230,25,белый,,,проточный,5500,,механическое,3,2.1,4,G1/2,над раковиной,0.03,одна,IPX4,1,да,да,,,да,,184,106,310,2,235,112,315,3,Китай,12,шт,20,11.2x31.5x23.5,https://shop.thermex.ru/upload/iblock/017/wo0iletsvftfa4xjgc0uqjphousk5k8q.png
THERMEX Oscar 6500,211 213,RUB,3543.5190000000002,0,1,,"<p>Купить name из наличия в ТД УЭТ. Доставка со склада в Екатеринбурге во все города России. Цена на name актуальна. Для заказа и уточнения дополнительных скидок отправьте запрос по e-mail: sale@uralenergotel.ru. Для постоянных клиентов предусмотрены специальные цены.&nbsp;<br><br>С полным ассортиментом вы можете ознакомиться перейдя по ссылке: Thermename. Также вы можете воспользоваться боковым меню справа и выбрать необходимые для вас характеристики, либо подобрать аналогичные товары из наличия у нас на сайте.&nbsp;<br><br>ТД УЭТ является официальным дилером компании «Thermename» в Екатеринбурге. Поставим name напрямую со склада в города России: Москва, Санкт-Петербург, Казань, Самара, Екатеринбург, Челябинск, Уфа, Тюмень, Краснодар, Новосибирск, Пермь, Сургут, Омск, Красноярск, Ростов-на-Дону, Нижний Новгород, Волгоград, Чита, Иркутск и т.д.</p>",,1,,THERMEX Oscar 6500 с доставкой на uralenergotel.ru,THERMEX Oscar 6500 по низким ценам у официального дилера завода ТД УЭТ,thermex_oscar_6500,уточняйте у менеджера,Доставка со склада в Москве,Thermex,Oscar,Oscar 6500,Водонагреватели,211 213,THERMEX,ТЭН,Oscar,медь,230,30,белый,,,проточный,6500,,механическое,3.6,2.5,6,G1/2,над раковиной,0.03,одна,IPX4,1,да,да,,нет,да,,184,106,310,2,235,112,315,3,Китай,12,шт,20,11.2x31.5x23.5,https://shop.thermex.ru/upload/iblock/719/o7f749bpdgqiefk2afr5hnfzvbli52nr.png
THERMEX Oscar 3500,211 211,RUB,2566.609,0,1,,"<p>Купить name из наличия в ТД УЭТ. Доставка со склада в Екатеринбурге во все города России. Цена на name актуальна. Для заказа и уточнения дополнительных скидок отправьте запрос по e-mail: sale@uralenergotel.ru. Для постоянных клиентов предусмотрены специальные цены.&nbsp;<br><br>С полным ассортиментом вы можете ознакомиться перейдя по ссылке: Thermename. Также вы можете воспользоваться боковым меню справа и выбрать необходимые для вас характеристики, либо подобрать аналогичные товары из наличия у нас на сайте.&nbsp;<br><br>ТД УЭТ является официальным дилером компании «Thermename» в Екатеринбурге. Поставим name напрямую со склада в города России: Москва, Санкт-Петербург, Казань, Самара, Екатеринбург, Челябинск, Уфа, Тюмень, Краснодар, Новосибирск, Пермь, Сургут, Омск, Красноярск, Ростов-на-Дону, Нижний Новгород, Волгоград, Чита, Иркутск и т.д.</p>",,1,,THERMEX Oscar 3500 с доставкой на uralenergotel.ru,THERMEX Oscar 3500 по низким ценам у официального дилера завода ТД УЭТ,thermex_oscar_3500,уточняйте у менеджера,Доставка со склада в Москве,Thermex,Oscar,Oscar 3500,Водонагреватели,211 211,THERMEX,ТЭН,Oscar,медь,230,16,белый,,,проточный,3500,,механическое,1.9,,2.5,G1/2,над раковиной,0.03,одна,IP24,1,да,да,,,да,,184,106,310,2,235,112,315,3,Китай,12,шт,20,11.2x31.5x23.5,https://shop.thermex.ru/upload/iblock/e47/1a4kqjium07ktomb9wd3uisx1ki257fd.png
THERMEX Hitch 3500,211 217,RUB,2300.179,0,1,,"<p>Купить name из наличия в ТД УЭТ. Доставка со склада в Екатеринбурге во все города России. Цена на name актуальна. Для заказа и уточнения дополнительных скидок отправьте запрос по e-mail: sale@uralenergotel.ru. Для постоянных клиентов предусмотрены специальные цены.&nbsp;<br><br>С полным ассортиментом вы можете ознакомиться перейдя по ссылке: Thermename. Также вы можете воспользоваться боковым меню справа и выбрать необходимые для вас характеристики, либо подобрать аналогичные товары из наличия у нас на сайте.&nbsp;<br><br>ТД УЭТ является официальным дилером компании «Thermename» в Екатеринбурге. Поставим name напрямую со склада в города России: Москва, Санкт-Петербург, Казань, Самара, Екатеринбург, Челябинск, Уфа, Тюмень, Краснодар, Новосибирск, Пермь, Сургут, Омск, Красноярск, Ростов-на-Дону, Нижний Новгород, Волгоград, Чита, Иркутск и т.д.</p>",,1,,THERMEX Hitch 3500 с доставкой на uralenergotel.ru,THERMEX Hitch 3500 по низким ценам у официального дилера завода ТД УЭТ,thermex_hitch_3500,уточняйте у менеджера,Доставка со склада в Москве,Thermex,Hitch,Hitch 3500,Водонагреватели,211 217,THERMEX,ТЭН,Hitch,нержавеющая сталь,230,,белый,,,проточный,3500,,гидравлическое,2,1.4,1.5,G 1/2,под раковиной,0.06,несколько,,,,,,,,,223,69,105,0.8,245,115,180,1,Китай,24,шт,20,11.5x18x24.5,https://shop.thermex.ru/upload/iblock/ad6/5hmxq39m1529ua406meohfch6milf3oi.png
THERMEX Nord 3500,221 011,RUB,2300.179,0,1,,"<p>Купить name из наличия в ТД УЭТ. Доставка со склада в Екатеринбурге во все города России. Цена на name актуальна. Для заказа и уточнения дополнительных скидок отправьте запрос по e-mail: sale@uralenergotel.ru. Для постоянных клиентов предусмотрены специальные цены.&nbsp;<br><br>С полным ассортиментом вы можете ознакомиться перейдя по ссылке: Thermename. Также вы можете воспользоваться боковым меню справа и выбрать необходимые для вас характеристики, либо подобрать аналогичные товары из наличия у нас на сайте.&nbsp;<br><br>ТД УЭТ является официальным дилером компании «Thermename» в Екатеринбурге. Поставим name напрямую со склада в города России: Москва, Санкт-Петербург, Казань, Самара, Екатеринбург, Челябинск, Уфа, Тюмень, Краснодар, Новосибирск, Пермь, Сургут, Омск, Красноярск, Ростов-на-Дону, Нижний Новгород, Волгоград, Чита, Иркутск и т.д.</p>",,1,,THERMEX Nord 3500 с доставкой на uralenergotel.ru,THERMEX Nord 3500 по низким ценам у официального дилера завода ТД УЭТ,thermex_nord_3500,уточняйте у менеджера,Доставка со склада в Москве,Thermex,Nord,Nord 3500,Водонагреватели,221 011,THERMEX,ТЭН,Nord,нержавеющая сталь,230,13,мокрый асфальт,,,проточный,3500,,механическое,2,1.4,1.5,G 1/2,над раковиной,0.04,одна,IP24,1,,да,,да,,,145,130,65,0.7,245,176,110,1,Китай,24,шт,20,17.6x11x24.5,https://shop.thermex.ru/upload/iblock/040/troh2hlyz6ui3e0ycnrpbvvlo4sz9h3l.png
THERMEX Tesoro 3500,211 216,RUB,5586.149,0,1,,"<p>Купить name из наличия в ТД УЭТ. Доставка со склада в Екатеринбурге во все города России. Цена на name актуальна. Для заказа и уточнения дополнительных скидок отправьте запрос по e-mail: sale@uralenergotel.ru. Для постоянных клиентов предусмотрены специальные цены.&nbsp;<br><br>С полным ассортиментом вы можете ознакомиться перейдя по ссылке: Thermename. Также вы можете воспользоваться боковым меню справа и выбрать необходимые для вас характеристики, либо подобрать аналогичные товары из наличия у нас на сайте.&nbsp;<br><br>ТД УЭТ является официальным дилером компании «Thermename» в Екатеринбурге. Поставим name напрямую со склада в города России: Москва, Санкт-Петербург, Казань, Самара, Екатеринбург, Челябинск, Уфа, Тюмень, Краснодар, Новосибирск, Пермь, Сургут, Омск, Красноярск, Ростов-на-Дону, Нижний Новгород, Волгоград, Чита, Иркутск и т.д.</p>",,1,,THERMEX Tesoro 3500 с доставкой на uralenergotel.ru,THERMEX Tesoro 3500 по низким ценам у официального дилера завода ТД УЭТ,thermex_tesoro_3500,уточняйте у менеджера,Доставка со склада в Москве,Thermex,Tesoro,Tesoro 3500,Водонагреватели,211 216,THERMEX,ТЭН,Tesoro,нержавеющая сталь,,13,стальной,,,проточный,3500,,сенсорное,2,1.4,1.5,G1/2,над раковиной,0.04,одна,IP24,1,,да,,да,нет,,220,105,185,1.1,230,340,105,1.3,Китай,24,шт,20,34x10.5x23,https://shop.thermex.ru/upload/iblock/7c7/pqhxrfjpa2dfx5al8ob44lncbad4pg8w.png
EDISSON Bruni 3500,221 009,RUB,1589.6989999999998,0,1,,"<p>Купить name из наличия в ТД УЭТ. Доставка со склада в Екатеринбурге во все города России. Цена на name актуальна. Для заказа и уточнения дополнительных скидок отправьте запрос по e-mail: sale@uralenergotel.ru. Для постоянных клиентов предусмотрены специальные цены.&nbsp;<br><br>С полным ассортиментом вы можете ознакомиться перейдя по ссылке: Thermename. Также вы можете воспользоваться боковым меню справа и выбрать необходимые для вас характеристики, либо подобрать аналогичные товары из наличия у нас на сайте.&nbsp;<br><br>ТД УЭТ является официальным дилером компании «Thermename» в Екатеринбурге. Поставим name напрямую со склада в города России: Москва, Санкт-Петербург, Казань, Самара, Екатеринбург, Челябинск, Уфа, Тюмень, Краснодар, Новосибирск, Пермь, Сургут, Омск, Красноярск, Ростов-на-Дону, Нижний Новгород, Волгоград, Чита, Иркутск и т.д.</p>",,1,,EDISSON Bruni 3500 с доставкой на uralenergotel.ru,EDISSON Bruni 3500 по низким ценам у официального дилера завода ТД УЭТ,edisson_bruni_3500,уточняйте у менеджера,Доставка со склада в Москве,Thermex,Bruni,EDISSON Bruni 3500,Водонагреватели,221 009,EDISSON,ТЭН,Bruni,нержавеющая сталь,230,,белый,,,проточный,3500,,гидравлическое,2,1.4,,G 1/2,над раковиной,0.04,одна,IP24,1,,да,,нет,,,65,130,145,0.6,176,110,245,0.9,Китай,12,шт,20,11x24.5x17.6,https://shop.thermex.ru/upload/iblock/8c8/hpzq67ohn6xpu87xwq3b106ta2qm0vx1.png
THERMEX Runa 3000,221 010,RUB,2833.0389999999998,0,1,,"<p>Купить name из наличия в ТД УЭТ. Доставка со склада в Екатеринбурге во все города России. Цена на name актуальна. Для заказа и уточнения дополнительных скидок отправьте запрос по e-mail: sale@uralenergotel.ru. Для постоянных клиентов предусмотрены специальные цены.&nbsp;<br><br>С полным ассортиментом вы можете ознакомиться перейдя по ссылке: Thermename. Также вы можете воспользоваться боковым меню справа и выбрать необходимые для вас характеристики, либо подобрать аналогичные товары из наличия у нас на сайте.&nbsp;<br><br>ТД УЭТ является официальным дилером компании «Thermename» в Екатеринбурге. Поставим name напрямую со склада в города России: Москва, Санкт-Петербург, Казань, Самара, Екатеринбург, Челябинск, Уфа, Тюмень, Краснодар, Новосибирск, Пермь, Сургут, Омск, Красноярск, Ростов-на-Дону, Нижний Новгород, Волгоград, Чита, Иркутск и т.д.</p>",,1,,THERMEX Runa 3000 с доставкой на uralenergotel.ru,THERMEX Runa 3000 по низким ценам у официального дилера завода ТД УЭТ,thermex_runa_3000,уточняйте у менеджера,Доставка со склада в Москве,Thermex,Runa,Runa 3000,Водонагреватели,221 010,THERMEX,ТЭН,Runa,нержавеющая сталь,230,,белый,,,проточный,3000,,механическое,1.7,1.2,1.5,G1/2,над раковиной,0.04,одна,IP24,1,,да,,да,,,340,190,90,0.9,240,192,105,1.1,Китай,24,шт,20,19.2x10.5x24,https://shop.thermex.ru/upload/iblock/1ae/t26mgrm0y8t8bdafnt7bf36q26m7093w.png
EDISSON Cora 3000,221 008,RUB,1589.6989999999998,0,1,,"<p>Купить name из наличия в ТД УЭТ. Доставка со склада в Екатеринбурге во все города России. Цена на name актуальна. Для заказа и уточнения дополнительных скидок отправьте запрос по e-mail: sale@uralenergotel.ru. Для постоянных клиентов предусмотрены специальные цены.&nbsp;<br><br>С полным ассортиментом вы можете ознакомиться перейдя по ссылке: Thermename. Также вы можете воспользоваться боковым меню справа и выбрать необходимые для вас характеристики, либо подобрать аналогичные товары из наличия у нас на сайте.&nbsp;<br><br>ТД УЭТ является официальным дилером компании «Thermename» в Екатеринбурге. Поставим name напрямую со склада в города России: Москва, Санкт-Петербург, Казань, Самара, Екатеринбург, Челябинск, Уфа, Тюмень, Краснодар, Новосибирск, Пермь, Сургут, Омск, Красноярск, Ростов-на-Дону, Нижний Новгород, Волгоград, Чита, Иркутск и т.д.</p>",,1,,EDISSON Cora 3000 с доставкой на uralenergotel.ru,EDISSON Cora 3000 по низким ценам у официального дилера завода ТД УЭТ,edisson_cora_3000,уточняйте у менеджера,Доставка со склада в Москве,Thermex,Cora,EDISSON Cora 3000,Водонагреватели,221 008,EDISSON,ТЭН,Cora,нержавеющая сталь,230,,белый,,,проточный,3000,,механическое,1.7,1.2,1.5,G1/2,над раковиной,0.04,одна,IP24,1,,да,,нет,,,340,90,190,0.7,240,105,192,0.9,Китай,12,шт,20,10.5x19.2x24,https://shop.thermex.ru/upload/iblock/a31/8myra0m7kja911fjal1w6rc1k2bg5tri.png
